main_id,coo_bibcode,object_id,ra_in,dec_in,_source_set,_survey,object_id_clean,row_key
LEDA 2015703,2012ApJS..203...21A,39632941218794774,217.13024010549577,32.876366140004095,filtered_data,desi,39632941218794774,0
NDWFS J143216.5+325433,2020yCat.1350....0G,39632941231378237,218.06884045285784,32.909462006960005,filtered_data,desi,39632941231378237,1
SDSS J143218.90+330254.0,2020yCat.1350....0G,39632941231378390,218.0787137735153,33.04850095313695,filtered_data,desi,39632941231378390,2
SDSS J143243.92+330746.6,2020yCat.1350....0G,39632946298097629,218.1830177762848,33.12964681754946,filtered_data,desi,39632946298097629,3
SDSS J143220.15+331512.2,2020yCat.1350....0G,39632946298096150,218.08397134647936,33.253408882469486,filtered_data,desi,39632946298096150,4
MCG+06-32-058,2018yCat.1345....0G,2305843018801876736,217.98432083378967,33.64250110209226,filtered_data,desi,2305843018801876736,5
B-HiZELS NBH  26,2020yCat.1350....0G,39632956389589982,217.86305277479667,33.683918566047524,filtered_data,desi,39632956389589982,6
2MASS J14383593+3341007,2020yCat.1350....0G,39632956414755490,219.6496358622872,33.683532758041615,filtered_data,desi,39632956414755490,7
2MASS J14363195+3438292,2020yCat.1350....0G,39632976417394375,219.1331343006517,34.64142701430703,filtered_data,desi,39632976417394375,8
[VV2006] J143728.8+344547,2020yCat.1350....0G,39632976421587786,219.3698911158869,34.763140127774776,filtered_data,desi,39632976421587786,9
[BWD2008] 70Bootes3,2012ApJS..203...21A,39632976421584967,219.162604778405,34.872768701313376,filtered_data,desi,39632976421584967,10
SDSS J143725.05+351048.6,2020yCat.1350....0G,39632986332728419,219.3544104104832,35.18016697816925,filtered_data,desi,39632986332728419,11
ZTF J165525.79+334219.5,2020ApJS..249...18C,39632956892906370,253.85745560361573,33.70541359339443,filtered_data,desi,39632956892906370,12
2MASS J16533937+3411032,2020yCat.1350....0G,2305843019007414331,253.4140834282314,34.184175113741674,filtered_data,desi,2305843019007414331,13
[VV2006] J164858.3+340100,2020yCat.1350....0G,39632961892515955,252.2431727953765,34.01665185996137,filtered_data,desi,39632961892515955,14
2MASS J16515894+3459322,2020yCat.1350....0G,39632981849017381,252.9955724856836,34.992276092508384,filtered_data,desi,39632981849017381,15
[VV2006] J165231.3+353616,2020yCat.1350....0G,39632991730799105,253.1303768092385,35.60439884637456,filtered_data,desi,39632991730799105,16
NVSS J164452+341252,2020yCat.1350....0G,39632966887932916,251.22027537132905,34.21422358621604,filtered_data,desi,39632966887932916,17
SDSS J164348.57+343935.6,2020ApJS..249....3A,39632976857795976,250.95238112539016,34.659903700528126,filtered_data,desi,39632976857795976,18
GALEX J164623.9+344607,2020yCat.1350....0G,39632976866185355,251.59976031109983,34.76890605782424,filtered_data,desi,39632976866185355,19
CRTS J162250.3+414804,2020yCat.1350....0G,39633109779484083,245.70968665569936,41.80119086489266,filtered_data,desi,39633109779484083,20
SDSS J162644.64+422529.7,2020yCat.1350....0G,39633123268362663,246.6860172709798,42.424927024592165,filtered_data,desi,39633123268362663,21
Z 224-33,2020yCat.1350....0G,39633127722713135,246.90710813014152,42.63822551704201,filtered_data,desi,39633127722713135,22
2MASSI J1625534+430008,2020yCat.1350....0G,39633132147707418,246.47275937083907,43.00247924284785,filtered_data,desi,39633132147707418,23
NVSS J162131+424508,2020yCat.1350....0G,39633127701743856,245.3795721221448,42.75726986588072,filtered_data,desi,39633127701743856,24
LINEAR 18011690,2020yCat.1350....0G,2305843019510719390,244.38643842129704,42.61997048995109,filtered_data,desi,2305843019510719390,25
[VV98] J162553.3+434714,2020yCat.1350....0G,39633145351376720,246.47211316457364,43.78717826437845,filtered_data,desi,39633145351376720,26
SDSS J162029.07+433451.1,2020yCat.1350....0G,39633140951550176,245.12115562585387,43.58085105971389,filtered_data,desi,39633140951550176,27
[VV2006] J160108.4+422937,2020yCat.1350....0G,2305843019519112601,240.28514671826656,42.49374931274627,filtered_data,desi,2305843019519112601,28
LEDA 2205528,2020ApJS..249....3A,39633127643023388,240.60170638457043,42.757103681011166,filtered_data,desi,39633127643023388,29
[VV2006] J155243.1+430605,2020yCat.1350....0G,39633132047042798,238.1793295953836,43.1013406010115,filtered_data,desi,39633132047042798,30
2MASX J16011085+4311386,2020yCat.1350....0G,39633136493003466,240.29535228832137,43.19394880071073,filtered_data,desi,39633136493003466,31
LEDA 3495227,2020yCat.1350....0G,39633162619323007,239.6906452623135,44.68391460695676,filtered_data,desi,39633162619323007,32
Anon J160935+4226,2012ApJS..203...21A,39633123213837699,242.396354473106,42.44301639086345,filtered_data,desi,39633123213837699,33
SDSS J161242.06+431319.8,2020ApJS..249....3A,39633136526559868,243.1752770798267,43.22217578602016,filtered_data,desi,39633136526559868,34
2MASX J16150461+4335441,2020yCat.1350....0G,39633140934773050,243.76937671130096,43.595514561993575,filtered_data,desi,39633140934773050,35
[VV2006] J160742.9+432816,2020yCat.1350....0G,39633140913800195,241.92895099968652,43.47125243675453,filtered_data,desi,39633140913800195,36
[VV2006] J160953.4+433411,2020yCat.1350....0G,39633140917997174,242.47258689382548,43.569849613544605,filtered_data,desi,39633140917997174,37
[VV2006] J160907.5+441734,2020yCat.1350....0G,39633154012614153,242.28106481984932,44.292905503023626,filtered_data,desi,39633154012614153,38
SDSS J161621.65+441914.9,2020yCat.1350....0G,39633154037776828,244.0902167558665,44.320795291224734,filtered_data,desi,39633154037776828,39
2MASS J16040698+4432591,2020yCat.1350....0G,39633158324357554,241.02909368237684,44.549742053539205,filtered_data,desi,39633158324357554,40
SDSS J160918.46+444316.1,2020yCat.1350....0G,39633162648684885,242.32689088967115,44.72114801638636,filtered_data,desi,39633162648684885,41
SDSS J154310.95+421008.1,2020yCat.1350....0G,39633118658825582,235.7956320591469,42.168934537060224,filtered_data,desi,39633118658825582,42
6C 153740+422722,2020yCat.1350....0G,39633118650433748,234.8570086435147,42.29115201282588,filtered_data,desi,39633118650433748,43
9C J1538+4225,2007ApJ...658..203H,39633123117370238,234.73248573746565,42.42417258561223,filtered_data,desi,39633123117370238,44
SDSS J154014.01+431041.8,2020yCat.1350....0G,39633136425897468,235.05837619973036,43.17828477068183,filtered_data,desi,39633136425897468,45
IC 4562A,2020yCat.1350....0G,39633140817331167,234.01164298139832,43.50345739323824,filtered_data,desi,39633140817331167,46
LEDA 3493990,2020yCat.1350....0G,39633145233933556,236.65441814423173,43.68365356025128,filtered_data,desi,39633145233933556,47
[VV2006] J154833.1+442226,2020yCat.1350....0G,39633153953890717,237.13761021136904,44.37390783713256,filtered_data,desi,39633153953890717,48
SDSS J154246.52+435358.5,2020ApJS..249....3A,39633149587623723,235.69389327198,43.89959693429612,filtered_data,desi,39633149587623723,49
LEDA 2231045,2020yCat.1350....0G,39633145212960997,234.84252490025617,43.865463987592,filtered_data,desi,39633145212960997,50
LEDA 2231045,2020yCat.1350....0G,2305843019623969587,234.84250062599625,43.86546642730835,filtered_data,desi,2305843019623969587,51
[LAM2018] J1540+4445,2018MNRAS.479.5060L,39633162564796681,235.10761676351376,44.754577397568816,filtered_data,desi,39633162564796681,52
Gaia DR3 1406274306774057600,2020yCat.1350....0G,39633149721841125,246.7709768313994,43.87800719309117,filtered_data,desi,39633149721841125,53
Gaia DR3 1406285130091684864,2020yCat.1350....0G,39633149730229150,247.4150365175776,43.91676405081833,filtered_data,desi,39633149730229150,54
[VV2006] J161238.3+532254,2020yCat.1350....0G,39633301245267383,243.15947537610936,53.38195371737157,filtered_data,desi,39633301245267383,55
LEDA 2470195,2020yCat.1350....0G,2305843019854654083,245.4378974691105,54.45656462608097,filtered_data,desi,2305843019854654083,56
LEDA 2470195,2020yCat.1350....0G,39633315514289090,245.4378972886566,54.45657510928258,filtered_data,desi,39633315514289090,57
SDSS J162207.38+545212.9,2020yCat.1350....0G,39633319020727606,245.5307801698187,54.87024976119732,filtered_data,desi,39633319020727606,58
NVSS J160632+532632,2020yCat.1350....0G,39633301232681993,241.63740633611448,53.44223598774901,filtered_data,desi,39633301232681993,59
LEDA 2447967,2020yCat.1350....0G,39633304831396764,242.12584829501952,53.68554635144202,filtered_data,desi,39633304831396764,60
SWIRE J160655.82+541500.7,2020yCat.1350....0G,39633311949130586,241.73275966588025,54.2501767929793,filtered_data,desi,39633311949130586,61
2MASS J16104127+5410322,2020yCat.1350....0G,39633311957520114,242.671926489948,54.175560114492015,filtered_data,desi,39633311957520114,62
[MMS2012b] 3,2020yCat.1350....0G,39633311965908607,243.4436622856104,54.36250502239871,filtered_data,desi,39633311965908607,63
SDSS J161003.13+543628.1,2018yCat.1345....0G,39633315484929191,242.51305930189253,54.60774993475309,filtered_data,desi,39633315484929191,64
NVSS J160552+540654,2020yCat.1350....0G,39633308400747113,241.46997018020508,54.11406291827208,filtered_data,desi,39633308400747113,65
SWIRE J160650.71+542510.1,2012ApJS..203...21A,39633315476541700,241.71135938884447,54.41947683109605,filtered_data,desi,39633315476541700,66
2MASS J16054611+5439094,2020yCat.1350....0G,39633318982977166,241.4421872017306,54.65270929972432,filtered_data,desi,39633318982977166,67
SDSS J160827.18+545416.2,2015ApJS..219...12A,39633322476831676,242.11325298286792,54.90451842617773,filtered_data,desi,39633322476831676,68
2MASS J16094707+5505329,2020yCat.1350....0G,39633322476834515,242.44612098377627,55.09257534192402,filtered_data,desi,39633322476834515,69
RX J1614.2+5442,2020yCat.1350....0G,39633319003948353,243.5588079897835,54.71423398915246,filtered_data,desi,39633319003948353,70
NGC  6493,2020yCat.1350....0G,39633405565996761,267.59440287322394,61.55939977680825,filtered_data,desi,39633405565996761,71
SDSS J175702.36+645417.6,2015ApJS..219...12A,39633443780300129,269.25988609887355,64.90489236000668,filtered_data,desi,39633443780300129,72
RX J1755.0+6519,2020yCat.1350....0G,39633446326241212,268.7733801864471,65.33194635090982,filtered_data,desi,39633446326241212,73
RX J1755.0+6519,2020yCat.1350....0G,2305843019946934811,268.7733768730181,65.33195823931392,filtered_data,desi,2305843019946934811,74
SDSS J130004.24+263652.7,2020yCat.1350....0G,39628406345699219,195.01771185143235,26.614643441319924,filtered_data,desi,39628406345699219,75
5C  4.152,2020yCat.1350....0G,39628427925390435,195.80945569672667,27.50351377699883,filtered_data,desi,39628427925390435,76
NGC  4859,2020yCat.1350....0G,39628411752156938,194.75761487151289,26.81566042139363,filtered_data,desi,39628411752156938,77
NGC  4859,2020yCat.1350....0G,2305843020093720880,194.757601569636,26.81567795268393,filtered_data,desi,2305843020093720880,78
2MASX J12591668+2706218,2020yCat.1350....0G,2305843020093720637,194.81945994728292,27.10610560152094,filtered_data,desi,2305843020093720637,79
2MASX J13010615+2723522,2020yCat.1350....0G,39628427917002341,195.27580815493903,27.397829425329377,filtered_data,desi,39628427917002341,80
2MASX J13010615+2723522,2020yCat.1350....0G,2305843020093719556,195.27580538561023,27.39784350559147,filtered_data,desi,2305843020093719556,81
NGC  4827,2020yCat.1350....0G,39628422527322746,194.1813409823145,27.178787223982848,filtered_data,desi,39628422527322746,82
2MASX J12571076+2724177,2020yCat.1350....0G,39628427900228015,194.2948249068371,27.40492781355553,filtered_data,desi,39628427900228015,83
2MASX J12571076+2724177,2020yCat.1350....0G,2305843020093724157,194.2948168921503,27.40493862318145,filtered_data,desi,2305843020093724157,84
LEDA   83685,2020yCat.1350....0G,39628427904417868,194.3455155087973,27.49299476667108,filtered_data,desi,39628427904417868,85
LEDA   83743,2020yCat.1350....0G,39628427912808879,195.0434234510452,27.59499483258105,filtered_data,desi,39628427912808879,86
LEDA   44469,2020yCat.1350....0G,39628433264742451,194.6317114622679,27.673521228334984,filtered_data,desi,39628433264742451,87
LEDA   44469,2020yCat.1350....0G,2305843020093723978,194.63170311845377,27.673522373823964,filtered_data,desi,2305843020093723978,88
NGC  4926,2020yCat.1350....0G,39628427921195116,195.47389463319132,27.62445490810269,filtered_data,desi,39628427921195116,89
NGC  4929,2020yCat.1350....0G,39628438629255421,195.68498520995732,28.04532854512145,filtered_data,desi,39628438629255421,90
NGC  4929,2020yCat.1350....0G,2305843020093723675,195.6849774683718,28.04533997160648,filtered_data,desi,2305843020093723675,91
NGC  4934,2020yCat.1350....0G,2305843020093723921,195.81768691674588,28.03037893955763,filtered_data,desi,2305843020093723921,92
LEDA   44863,2020yCat.1350....0G,39628438625059443,195.289323786774,28.033112658663583,filtered_data,desi,39628438625059443,93
LEDA   44693,2020yCat.1350....0G,39628438620865257,195.00403982693547,27.94545565679734,filtered_data,desi,39628438620865257,94
NGC  4872,2020yCat.1350....0G,39628438616674499,194.89218173157948,27.946841494659697,filtered_data,desi,39628438616674499,95
NGC  4872,2020yCat.1350....0G,2305843020093724709,194.89217219853737,27.946855653236767,filtered_data,desi,2305843020093724709,96
NGC  4873,2020yCat.1350....0G,39628438616674378,194.8866523675217,27.98361250598155,filtered_data,desi,39628438616674378,97
NGC  4873,2020yCat.1350....0G,2305843020093719024,194.8866489025434,27.983616494732228,filtered_data,desi,2305843020093719024,98
LEDA   44815,2020yCat.1350....0G,39628438620868842,195.1860065011412,28.10062907104167,filtered_data,desi,39628438620868842,99
LEDA   44815,2020yCat.1350....0G,2305843020093724147,195.18600067957783,28.10063526252075,filtered_data,desi,2305843020093724147,100
[RCD2020] J195.40129+28.15157,2020ApJ...888...36R,39628443960214924,195.40128608144232,28.151585296868667,filtered_data,desi,39628443960214924,101
US  142,2020yCat.1350....0G,39628443960213901,195.3338502692856,28.36034390024315,filtered_data,desi,39628443960213901,102
2MASX J13043906+2837436,2020yCat.1350....0G,39628454601166256,196.1627387539036,28.628835244041102,filtered_data,desi,39628454601166256,103
NGC  4949,2020yCat.1350....0G,39628459898570303,196.0746970975843,29.029521804794253,filtered_data,desi,39628459898570303,104
NGC  4949,2020yCat.1350....0G,2305843020097917207,196.07469667014885,29.029529689330023,filtered_data,desi,2305843020097917207,105
NGC  4807,2020yCat.1350....0G,39628427896030789,193.8712665591244,27.521424692364768,filtered_data,desi,39628427896030789,106
Z 160-23,2020yCat.1350....0G,39628433256354760,194.0824858412692,27.751047057856493,filtered_data,desi,39628433256354760,107
Z 160-23,2020yCat.1350....0G,2305843020118892023,194.08247538312943,27.751051731337604,filtered_data,desi,2305843020118892023,108
Z 160-48,2020yCat.1350....0G,39628438612476608,194.45027997429892,27.88305902524213,filtered_data,desi,39628438612476608,109
2MASX J12592407+2820498,2020yCat.1350....0G,39628443951827457,194.8505055352854,28.34719917557576,filtered_data,desi,39628443951827457,110
SDSS J125801.92+282002.3,2020yCat.1350....0G,39628443947631630,194.5080253720423,28.33398451062036,filtered_data,desi,39628443947631630,111
2MASX J12583161+2827537,2020yCat.1350....0G,39628449270205545,194.6318636069862,28.46497040568703,filtered_data,desi,39628449270205545,112
Z 160-83,2020yCat.1350....0G,39628454584389081,195.05834970944105,28.828154775216635,filtered_data,desi,39628454584389081,113
Z 160-83,2020yCat.1350....0G,2305843020118888739,195.05834594527977,28.82817136560054,filtered_data,desi,2305843020118888739,114
2MASX J12575392+2829594,2020yCat.1350....0G,39628449266013518,194.4747583608603,28.499823019565245,filtered_data,desi,39628449266013518,115
Z 160-62,2020yCat.1350....0G,39628465158230832,194.5760037374139,29.1287697784958,filtered_data,desi,39628465158230832,116
Z 160-62,2020yCat.1350....0G,2305843020118885842,194.5760196168034,29.128782514502102,filtered_data,desi,2305843020118885842,117
A2 120,2020yCat.1350....0G,39628443926661477,193.1770451062307,28.213382994290484,filtered_data,desi,39628443926661477,118
5C  4.6,2020yCat.1350....0G,39628454559220921,193.1537428080925,28.864130518487755,filtered_data,desi,39628454559220921,119
QSO J1253+2905,2020yCat.1350....0G,39628459856628778,193.2767027949367,29.08718999487332,filtered_data,desi,39628459856628778,120
2MASX J12570530+2858528,2020yCat.1350....0G,39628459873403109,194.27216124432195,28.981378863393346,filtered_data,desi,39628459873403109,121
US  211,2020yCat.1350....0G,39628465183392049,196.0400046085373,29.32859162431317,filtered_data,desi,39628465183392049,122
2MASX J13031269+2918104,2018yCat.1345....0G,39628465179198589,195.80292393596392,29.3028281276825,filtered_data,desi,39628465179198589,123
NGC  4922S,2020yCat.1350....0G,39628465170813396,195.3521241103166,29.308375002287317,filtered_data,desi,39628465170813396,124
A2 300,2020yCat.1350....0G,39628475698513083,195.01705362290772,29.77342227620607,filtered_data,desi,39628475698513083,125
SDSS J125819.76+295055.2,2020yCat.1350....0G,39628475690127273,194.5823659020792,29.848678877657083,filtered_data,desi,39628475690127273,126
[MCM2008] 1,2008AJ....136..344M,39632946281319169,216.91076551554045,33.211650237459125,filtered_data,desi,39632946281319169,127
CXOXB J142811.7+332008,2020yCat.1350....0G,39632946285511146,217.04889966541427,33.33598377384732,filtered_data,desi,39632946285511146,128
ELAISC15 J142814+333026,2020yCat.1350....0G,39632951335456079,217.06180453013584,33.507155806610825,filtered_data,desi,39632951335456079,129
LEDA  101510,2020yCat.1350....0G,2305843020236329461,215.77628797463345,34.39206747894956,filtered_data,desi,2305843020236329461,130
SDSS J142544.54+344557.7,2020yCat.1350....0G,39632976383836311,216.4356111202949,34.76602391472888,filtered_data,desi,39632976383836311,131
NVSS J142825+345547,2010ApJ...716..521M,39632981354089688,217.10610324321107,34.92968720293165,filtered_data,desi,39632981354089688,132
2MASS J14250804+3451284,2020yCat.1350....0G,39632976379643964,216.28359168802007,34.85790431396894,filtered_data,desi,39632976379643964,133
SDSS J142632.40+350830.8,2020yCat.1350....0G,39632986294980787,216.6350215422196,35.14191681602789,filtered_data,desi,39632986294980787,134
SDSS J142537.78+351735.6,2009ApJS..182..543A,39632986294977209,216.4074368806236,35.293248731975325,filtered_data,desi,39632986294977209,135
[VV2000] J143157.9+341650,2020yCat.1350....0G,2305843020240522905,217.9914531145725,34.28060836699993,filtered_data,desi,2305843020240522905,136
[VV2006] J143107.5+342730,2020yCat.1350....0G,39632971417783876,217.78131854398623,34.45858284412685,filtered_data,desi,39632971417783876,137
FIRST J143119.7+353418,2020yCat.1350....0G,2305843020240525802,217.83251177338784,35.571661646301465,filtered_data,desi,2305843020240525802,138
DESI J217.6736+35.9510,2024A&A...691A.308S,39633001075704701,217.67362788087416,35.951057844621026,filtered_data,desi,39633001075704701,139
SDSS J141622.33+513630.3,2020yCat.1350....0G,39633271436346288,214.0930629101551,51.608408115156905,filtered_data,desi,39633271436346288,140
LEDA 2395103,2020yCat.1350....0G,39633271432153654,213.8759396967461,51.49852895114234,filtered_data,desi,39633271432153654,141
[HB91] 1410+525,2020yCat.1350....0G,39633282647720941,213.01197557094548,52.340578309861925,filtered_data,desi,39633282647720941,142
GALEX J124808.7+605726,2020yCat.1350....0G,39633399123543633,192.03729796083005,60.95736896094605,filtered_data,desi,39633399123543633,143
2MASX J12444595+6025485,2020yCat.1350....0G,39633393184408068,191.19167297555325,60.43021349800181,filtered_data,desi,39633393184408068,144
NVSS J124830+610129,2012ApJS..203...21A,39633399123544165,192.12712347921968,61.024707969221495,filtered_data,desi,39633399123544165,145
[VV2006] J124457.0+620143,2020yCat.1350....0G,39633410704016184,191.23743364945813,62.0286193396836,filtered_data,desi,39633410704016184,146
2MASS J12473848+6212435,2020yCat.1350....0G,39633413547754328,191.91052516434948,62.2119796175804,filtered_data,desi,39633413547754328,147
Gaia DR3 1580676337206311040,2020yCat.1350....0G,39633416357937733,191.42810100924672,62.582247708525365,filtered_data,desi,39633416357937733,148
[VV2006] J124118.1+624606,2020yCat.1350....0G,39633419142955217,190.3255006471889,62.76835728137188,filtered_data,desi,39633419142955217,149
[VV2006] J124204.3+625711,2020yCat.1350....0G,39633421915390707,190.51779972176385,62.953354534365054,filtered_data,desi,39633421915390707,150
2MASX J12420542+6306449,2020yCat.1350....0G,39633421915390740,190.52244722803744,63.11260253195925,filtered_data,desi,39633421915390740,151
2MASX J12420542+6306449,2020yCat.1350....0G,2305843020987107528,190.5224291339284,63.11261053360334,filtered_data,desi,2305843020987107528,152
NVSS J122932+604139,2020yCat.1350....0G,39633396128810880,187.3854513516219,60.694356313584784,filtered_data,desi,39633396128810880,153
[NOS2013] HHDFN-18431,2020yCat.1350....0G,39633410687238968,189.1069058729449,62.09379894851224,filtered_data,desi,39633410687238968,154
SHARDS J123613.49+621118.5,2008ApJ...680...70M,39633413522591034,189.05618706560705,62.18849350948271,filtered_data,desi,39633413522591034,155
GOODS J123708.14+621423.0,2008ApJ...680...70M,39633413526783360,189.2839338876115,62.23963129432797,filtered_data,desi,39633413526783360,156
CXOHDFN J123742.3+621518,2020yCat.1350....0G,39633413526784296,189.42625712920892,62.25509439049391,filtered_data,desi,39633413526784296,157
SDSS J123752.73+621628.1,2020yCat.1350....0G,39633413526784605,189.46974740623503,62.27448578722887,filtered_data,desi,39633413526784605,158
GOODS J123638.21+621605.3,2008ApJ...680...70M,39633413526782505,189.1592410867873,62.26806622878967,filtered_data,desi,39633413526782505,159
CANDELS GDN J123701.5+621842.7,2019ApJS..243...22B,39633413526783176,189.25633505874805,62.3118631873738,filtered_data,desi,39633413526783176,160
SDSS J123538.48+621643.2,2020yCat.1350....0G,39633413522590015,188.9103754766464,62.27869493457341,filtered_data,desi,39633413522590015,161
2MASX J12342983+6218062,2020yCat.1350....0G,39633413522588159,188.6243982009303,62.30173076717922,filtered_data,desi,39633413522588159,162
FIRST J123657.4+631115,2020yCat.1350....0G,39633424650079738,189.2393967812017,63.18766026395617,filtered_data,desi,39633424650079738,163
SDSS J142103.53+515819.4,2020yCat.1350....0G,39633278948344566,215.26469245762544,51.97208770126696,filtered_data,desi,39633278948344566,164
6C 142145+520338,2020yCat.1350....0G,39633275215413529,215.87484698402196,51.83575151521493,filtered_data,desi,39633275215413529,165
LEDA 2412952,2020yCat.1350....0G,39633282681275704,216.31535910693412,52.358037236567775,filtered_data,desi,39633282681275704,166
[VV2006] J142927.3+523849,2020yCat.1350....0G,39633290071641162,217.36368304740304,52.6470910782374,filtered_data,desi,39633290071641162,167
Z 273-7,2020ApJS..249....3A,39633290071640874,217.32480934639457,52.66557826062738,filtered_data,desi,39633290071640874,168
SDSS J142535.11+524902.1,2020ApJS..249....3A,39633290063251230,216.3962938668056,52.81728321992814,filtered_data,desi,39633290063251230,169
QSO B1426+5338,2020yCat.1350....0G,2305843021171661855,216.9556710624944,53.4191384802207,filtered_data,desi,2305843021171661855,170
SDSS J141911.59+520545.4,2020yCat.1350....0G,39633278944149639,214.7983562593802,52.09601195786247,filtered_data,desi,39633278944149639,171
HSCS J141648+521039,2018PASJ...70S..20O,39633282660303682,214.2018342135584,52.17756641802231,filtered_data,desi,39633282660303682,172
SDSS J141530.66+520439.7,2020yCat.1350....0G,39633278931569179,213.877738420613,52.07764607711713,filtered_data,desi,39633278931569179,173
DEEP2-GRS 11026452,2011ApJS..193...30B,39633282656110700,213.948559872489,52.145511756765615,filtered_data,desi,39633282656110700,174
EGSIRAC J141808.48+523241.5,2011ApJS..193...30B,39633286363874895,214.5353096484528,52.54485746684176,filtered_data,desi,39633286363874895,175
[TCB2007] 12016415,2011ApJS..193...30B,39633286363874507,214.49585223508973,52.58737139221693,filtered_data,desi,39633286363874507,176
DEEP-GSS 152-5051,2002ApJS..142....1S,39633282660303460,214.18471677511667,52.33024540900283,filtered_data,desi,39633282660303460,177
DEEP2-GRS 11045854,2013ApJS..204...21M,39633282660302959,214.13928739896863,52.34180576591713,filtered_data,desi,39633282660302959,178
EGSIRAC J141655.48+522751.4,2011ApJS..193...30B,39633286359681515,214.23125697137507,52.46417615995604,filtered_data,desi,39633286359681515,179
SDSS J141955.27+522741.1,2020yCat.1350....0G,39633286368069552,214.98031454620264,52.461429017598405,filtered_data,desi,39633286368069552,180
LEDA 2421400,2020yCat.1350....0G,39633290042280694,214.44851958132017,52.69536914221976,filtered_data,desi,39633290042280694,181
LEDA 2421400,2020yCat.1350....0G,2305843021192626433,214.44852228724884,52.6953784033264,filtered_data,desi,2305843021192626433,182
SDSS J141801.50+525200.7,2012ApJS..203...21A,39633290042281204,214.5063109837971,52.86688317131286,filtered_data,desi,39633290042281204,183
[VV2006] J142052.4+525621,2020yCat.1350....0G,39633293712294345,215.21849460094836,52.93955256422972,filtered_data,desi,39633293712294345,184
[VV2006] J142005.5+530037,2020yCat.1350....0G,39633293708101943,215.02332975730096,53.01020286173981,filtered_data,desi,39633293708101943,185
DEEP2-GRS 13035212,2011ApJS..193...30B,39633293708101693,214.99677296427407,53.0073879533704,filtered_data,desi,39633293708101693,186
SDSS J141957.86+531023.1,2012ApJS..203...21A,39633297348756076,214.99111818712527,53.17306264060619,filtered_data,desi,39633297348756076,187
[VV98] J141534.3+533714,2020yCat.1350....0G,39633300951666210,213.8929310364742,53.62057343092352,filtered_data,desi,39633300951666210,188
SDSS J142348.80+533006.2,2020yCat.1350....0G,39633300972637143,215.95335147274344,53.50172260721888,filtered_data,desi,39633300972637143,189
LEDA 2444502,2015ApJS..219...12A,39633300964248355,215.04525551070563,53.5616618718698,filtered_data,desi,39633300964248355,190
2MASX J14203020+5351592,2020yCat.1350....0G,39633304562960282,215.12568756781127,53.86646342032621,filtered_data,desi,39633304562960282,191
ICRF J160607.6+552135,2020A&A...644A.159C,39633325932940718,241.53177983834053,55.35983466871031,filtered_data,desi,39633325932940718,192
Z 275-21,2020yCat.1350....0G,39633325932939907,241.4522238391856,55.36471837329437,filtered_data,desi,39633325932939907,193
[BFB2004] VV 29 4941,2004ApJS..150....1B,39633329380656048,241.54882039622137,55.46203912035658,filtered_data,desi,39633329380656048,194
SDSS J160915.16+561943.2,2020ApJS..250....8L,39633339585397283,242.31315369763288,56.32867707785002,filtered_data,desi,39633339585397283,195
NVSS J174554+670349,2020A&A...644A.159C,39633463497724117,266.4764563285868,67.06367421028928,filtered_data,desi,39633463497724117,196
6C 180549+614029,2020A&A...644A.159C,39633408481036496,271.5831078569326,61.68842495387716,filtered_data,desi,39633408481036496,197
2MASS J18034128+6156530,2020yCat.1350....0G,39633411333164269,270.92202641624164,61.94814499457222,filtered_data,desi,39633411333164269,198
[SIK2013] J180221.8+671003.3,2013ApJS..207...37S,39633465880088345,270.5911742201355,67.16758675595172,filtered_data,desi,39633465880088345,199
[VV2006] J115941.0-012708,2020yCat.1350....0G,39627751505792383,179.92071229942792,-1.4523366432153513,filtered_data,desi,39627751505792383,200
[VV2006] J115952.9-012236,2020yCat.1350....0G,39627751505793543,179.97015417236773,-1.3765233011069298,filtered_data,desi,39627751505793543,201
NVSS J120028-000725,2020yCat.1350....0G,39627787748772726,180.12031098861652,-0.123547921224478,filtered_data,desi,39627787748772726,202
[VV2006] J140653.1-014554,2020yCat.1350....0G,39627745998672980,211.72126593471367,-1.7652524786654369,filtered_data,desi,39627745998672980,203
LEDA 1117662,2020yCat.1350....0G,39627752051053384,212.4905057323288,-1.480709114240537,filtered_data,desi,39627752051053384,204
2MASS J14092355-0124302,2020yCat.1350....0G,39627752051050416,212.34798856942663,-1.408493843379412,filtered_data,desi,39627752051050416,205
Z  18-94,2020yCat.1350....0G,39627752076214843,213.7749867524709,-1.5568570547674796,filtered_data,desi,39627752076214843,206
FIRST J141437.3-002801,2009ApJS..182..543A,39627776231214784,213.6557247606129,-0.4669823763809714,filtered_data,desi,39627776231214784,207
LEDA 1098647,2020yCat.1350....0G,39627734065874069,220.2981031660526,-2.209776377504342,filtered_data,desi,39627734065874069,208
SDSS J143743.01-014742.6,2020yCat.1350....0G,39627746128695641,219.4292252896849,-1.7951804327644396,filtered_data,desi,39627746128695641,209
SDSS J143459.27-014432.8,2020yCat.1350....0G,39627746116113947,218.7469404240753,-1.742508626002129,filtered_data,desi,39627746116113947,210
2QZ J143822.8-011636,2020yCat.1350....0G,39627758212483504,219.59550985731363,-1.2766861421498807,filtered_data,desi,39627758212483504,211
SDSS J143454.41-011618.0,2020yCat.1350....0G,39627758195708345,218.7267018941617,-1.2716698865200842,filtered_data,desi,39627758195708345,212
LBQS 1433-0025,2020yCat.1350....0G,39627770283690935,219.11859470222257,-0.6444905876774719,filtered_data,desi,39627770283690935,213
SDSS J143818.01-002057.5,2009ApJS..182..543A,39627782371673707,219.5750776298245,-0.3493071914561615,filtered_data,desi,39627782371673707,214
SDSS J144205.40-005248.5,2020yCat.1350....0G,39627764269056634,220.52253960197427,-0.8801270465329202,filtered_data,desi,39627764269056634,215
2SLAQ J144110.62-002754.5,2020yCat.1350....0G,39627776344458345,220.29424177219235,-0.4651252302197335,filtered_data,desi,39627776344458345,216
SDSS J144441.05-001343.4,2012ApJS..203...21A,39627782396841621,221.17103701921585,-0.2287201699220445,filtered_data,desi,39627782396841621,217
LBQS 1438+0002,2020yCat.1350....0G,39627782380067362,220.23837741817871,-0.1643013383131138,filtered_data,desi,39627782380067362,218
LEDA 1151089,2020yCat.1350....0G,39627782371676280,219.6980726155127,-0.1348437993996251,filtered_data,desi,39627782371676280,219
SDSS J143952.26-000423.9,2012ApJS..203...21A,39627788415669330,219.9677682006677,-0.0733151525026015,filtered_data,desi,39627788415669330,220
SDSS J143928.23+001538.1,2020yCat.1350....0G,39627794455464528,219.86763339473444,0.260593331320227,filtered_data,desi,39627794455464528,221
Z  19-27,2020yCat.1350....0G,39627746086750058,216.8286407824725,-1.6784609141173013,filtered_data,desi,39627746086750058,222
PG 1423-013,2020yCat.1350....0G,39627752118163083,216.4636870634971,-1.5547866164209865,filtered_data,desi,39627752118163083,223
QSO B1426-0131,2020yCat.1350....0G,39627746095137037,217.26265564158652,-1.7553801272846454,filtered_data,desi,39627746095137037,224
LEDA 1125085,2009ApJS..182..543A,39627758174736694,217.45317236263705,-1.168404961883768,filtered_data,desi,39627758174736694,225
[VV2006] J142758.9-012131,2020yCat.1350....0G,39627758166349285,216.99536096364184,-1.3584516547764718,filtered_data,desi,39627758166349285,226
4FGL J1425.4-0119,2020yCat.1350....0G,39627758157958026,216.3590882518487,-1.3071621444813346,filtered_data,desi,39627758157958026,227
LBQS 1430-0046,2020yCat.1350....0G,39627764227117829,218.1851734079787,-0.9875237550930308,filtered_data,desi,39627764227117829,228
LEDA 1149845,2009ApJS..182..543A,39627782342312152,217.75760879997136,-0.182496690921231,filtered_data,desi,39627782342312152,229
SLACS SDSS J1436-0000 source,2020yCat.1350....0G,39627788403084375,219.11472962031385,-0.0081142617386296,filtered_data,desi,39627788403084375,230
[VV2006] J143400.1+002648,2020yCat.1350....0G,39627800474288178,218.50038714889257,0.4469727782060237,filtered_data,desi,39627800474288178,231
SDSS J142950.57-002326.4,2009ApJS..182..543A,39627776294130144,217.46071415292388,-0.3906923062072279,filtered_data,desi,39627776294130144,232
LINEAR 11683432,2020yCat.1350....0G,39627794413524075,217.48224960367483,0.1844761798641589,filtered_data,desi,39627794413524075,233
LEDA 1163245,2020yCat.1350....0G,39627794417714340,217.55200443268137,0.3335458847925608,filtered_data,desi,39627794417714340,234
LEDA 1164888,2020yCat.1350....0G,39627800453319094,217.3594116556113,0.3975812973570181,filtered_data,desi,39627800453319094,235
[HMR2016] N5584 H26,2016ApJ...830...10H,39627776264768479,215.61020356303536,-0.403367769676405,filtered_data,desi,39627776264768479,236
NVSS J142056-000429,2020yCat.1350....0G,39627788335978970,215.23619531954384,-0.0732917540805268,filtered_data,desi,39627788335978970,237
2QZ J142441.2-000727,2020yCat.1350....0G,39627788352753617,216.17170370462665,-0.1242089285697348,filtered_data,desi,39627788352753617,238
SDSS J141918.49+000335.4,2009ApJS..182..543A,39627788331779775,214.82705110674945,0.0598548513143706,filtered_data,desi,39627788331779775,239
SDSS J141654.48-000534.0,2011yCat.2306....0A,39627788319200469,214.2270854191944,-0.0928130240674369,filtered_data,desi,39627788319200469,240
SDSS J142505.53+002259.3,2009ApJS..182..543A,39627800436539939,216.27304019212548,0.3831385472631192,filtered_data,desi,39627800436539939,241
SDSS J142538.64+004831.3,2009ApJS..182..543A,39627806476340909,216.4109853215845,0.8087162953551951,filtered_data,desi,39627806476340909,242
SDSS J142858.41+011304.9,2009ApJS..182..543A,39627818568520274,217.24336994057,1.2180612571027971,filtered_data,desi,39627818568520274,243
[VV98] J142917.7+012100,2020yCat.1350....0G,39627818572711516,217.3236850090413,1.3496687474009887,filtered_data,desi,39627818572711516,244
PG 1425+019,2020yCat.1350....0G,39627830643920215,216.92093984289312,1.715268569517736,filtered_data,desi,39627830643920215,245
LEDA 1172312,2020yCat.1350....0G,39627806518283507,218.8917394497915,0.6717298522366109,filtered_data,desi,39627806518283507,246
2QZ J143210.1+012551,2020yCat.1350....0G,39627824625091499,218.0423047847653,1.4310495981496936,filtered_data,desi,39627824625091499,247
[VV2006] J143515.7+023221,2020yCat.1350....0G,39627848796865926,218.81524309641208,2.539342829883609,filtered_data,desi,39627848796865926,248
SHOC 472,2020yCat.1350....0G,39627854832472157,218.69669457453583,2.822520137449703,filtered_data,desi,39627854832472157,249
[VV2006] J142923.9+024023,2020yCat.1350....0G,39627854811498859,217.34966031889869,2.673108775126802,filtered_data,desi,39627854811498859,250
PKS 1426+030,2020ApJS..249....3A,39627854811496921,217.26708721764132,2.861212892386511,filtered_data,desi,39627854811496921,251
SDSS J143318.34+024205.1,2020yCat.1350....0G,39627854828275258,218.3264258178343,2.701437452723876,filtered_data,desi,39627854828275258,252
SDSS J143140.26+030154.0,2020yCat.1350....0G,39627860859686747,217.9177838105368,3.031693000380598,filtered_data,desi,39627860859686747,253
ZW VIII 437,2020yCat.1350....0G,39627854840856744,219.00840918544267,2.851621643726888,filtered_data,desi,39627854840856744,254
Gaia DR3 3659398314711482624,2020yCat.1350....0G,39627758078263539,211.5108249713432,-1.182965300535188,filtered_data,desi,39627758078263539,255
2QZ J140615.9-003715,2020yCat.1350....0G,39627776197657954,211.5666104483413,-0.6208175439335811,filtered_data,desi,39627776197657954,256
[VV2003c] J140630.1-001939,2020yCat.1350....0G,39627782237456774,211.62542276800065,-0.3276603945262272,filtered_data,desi,39627782237456774,257
[VV96] J141519.5+000534,2020yCat.1350....0G,39627788315003053,213.83152140562217,0.0927958955582118,filtered_data,desi,39627788315003053,258
2MASS J14254333+0247594,2020yCat.1350....0G,39627854794722995,216.43061022701863,2.79993303106753,filtered_data,desi,39627854794722995,259
2MASX J14304764+0323306,2020yCat.1350....0G,39627872922504669,217.69840341897432,3.3916871170574345,filtered_data,desi,39627872922504669,260
SHOC 463,2020yCat.1350....0G,39627872909919186,216.8429009541666,3.4189332170911597,filtered_data,desi,39627872909919186,261
LEDA 1267209,2020yCat.1350....0G,39627890903482888,210.8207636941248,4.363174644107343,filtered_data,desi,39627890903482888,262
[VV2003c] J140501.2+043126,2020ApJS..249....3A,39627896934895265,211.2548101762069,4.523929688189033,filtered_data,desi,39627896934895265,263
SDSS J135727.27+043603.3,2020yCat.1350....0G,39627896905532058,209.36366873134384,4.600938759729395,filtered_data,desi,39627896905532058,264
Z  46-38,2020yCat.1350....0G,39627896922312965,210.5508121747255,4.585720644540006,filtered_data,desi,39627896922312965,265
SDSS J135504.27+051247.5,2020yCat.1350....0G,39627914962014217,208.767794357688,5.21323395786554,filtered_data,desi,39627914962014217,266
[VV2006] J135831.8+050522,2020yCat.1350....0G,39627908955767854,209.63244242322048,5.089657636832033,filtered_data,desi,39627908955767854,267
NGC  5373,2020yCat.1350....0G,39627914970402694,209.2810949182684,5.251888068514177,filtered_data,desi,39627914970402694,268
NGC  5373,2020yCat.1350....0G,2305843036568946161,209.28108231121132,5.251892466433495,filtered_data,desi,2305843036568946161,269
LEDA 1280659,2020yCat.1350....0G,39627914974593730,209.36903019112592,5.2632864859822925,filtered_data,desi,39627914974593730,270
[VV2006] J140521.7+050744,2020yCat.1350....0G,39627915008147554,211.3403144133652,5.128995672417095,filtered_data,desi,39627915008147554,271
2MASX J13585043+0600032,2020yCat.1350....0G,39627933026879405,209.71011943705813,6.001084304851868,filtered_data,desi,39627933026879405,272
SDSS J121727.80-011548.5,2020yCat.1350....0G,39627757621086440,184.36584954615645,-1.2634972916046918,filtered_data,desi,39627757621086440,273
PKS 1211+000,2015ApJS..219...12A,39627751551929262,182.6304440680455,-1.6136422045075651,filtered_data,desi,39627751551929262,274
LINEAR 3204251,2020yCat.1350....0G,39627763648304468,183.7301465758252,-1.1201448166160852,filtered_data,desi,39627763648304468,275
LEDA 1127400,2020yCat.1350....0G,39627763652498437,183.988014889816,-1.0751500603321766,filtered_data,desi,39627763652498437,276
Mrk 1311,2020yCat.1350....0G,39627757591727291,182.6340641831549,-1.3142629971637123,filtered_data,desi,39627757591727291,277
Mrk 1311,2020yCat.1350....0G,2305843036761887930,182.63406958447865,-1.3142566751997853,filtered_data,desi,2305843036761887930,278
SDSS J121236.77-002120.7,2011ApJ...731..119R,39627781759306786,183.1532533256824,-0.3557425376283781,filtered_data,desi,39627781759306786,279
V* V381 Vir,2020yCat.1350....0G,39627763652495923,183.8657916691659,-0.8823843154431504,filtered_data,desi,39627763652495923,280
[VV2006] J121557.6-000721,2020yCat.1350....0G,39627787811689470,183.9899324060189,-0.1220919919704604,filtered_data,desi,39627787811689470,281
[VV2006] J121347.6+000129,2020yCat.1350....0G,39627787803299790,183.44805450949715,0.0250092902801612,filtered_data,desi,39627787803299790,282
[VV2006] J121503.1+003450,2020yCat.1350....0G,39627799891280248,183.763040575162,0.580731379546691,filtered_data,desi,39627799891280248,283
LEDA 1146381,2020yCat.1350....0G,2305843036770279983,181.0794786974008,-0.3155286978634813,filtered_data,desi,2305843036770279983,284
SDSS J120208.45-001412.9,2020yCat.1350....0G,39627781717361556,180.5352063687437,-0.2369082149633917,filtered_data,desi,39627781717361556,285
HSCS J120312-001118,2020yCat.1350....0G,39627781721556004,180.80264459574016,-0.1885603396979755,filtered_data,desi,39627781721556004,286
NGC  4044,2020yCat.1350....0G,39627781717363534,180.62298198086984,-0.2124359381787506,filtered_data,desi,39627781717363534,287
Z  13-96,2020yCat.1350....0G,39627811954098481,182.7669441846273,0.972312452181994,filtered_data,desi,39627811954098481,288
Z  13-96,2020yCat.1350....0G,2305843036774469497,182.76693805645712,0.9723256928521204,filtered_data,desi,2305843036774469497,289
Z  13-116,2020yCat.1350....0G,2305843036774472000,184.01861766047523,1.1804355385371332,filtered_data,desi,2305843036774472000,290
SDSS J135818.71+062553.2,2020yCat.1350....0G,39627945039367412,209.57797534772,6.431456171877656,filtered_data,desi,39627945039367412,291
2MASS J11575874-0022208,2020yCat.1350....0G,39627781696393948,179.494701915481,-0.3724724967885844,filtered_data,desi,39627781696393948,292
6dFGS gJ115235.0-000543,2020yCat.1350....0G,39627787715218904,178.1458044191701,-0.0952039790409152,filtered_data,desi,39627787715218904,293
LBQS 1149+0043,2020yCat.1350....0G,39627799794813391,178.0973786495241,0.4410544796933379,filtered_data,desi,39627799794813391,294
2QZ J115358.4+005223,2020yCat.1350....0G,39627805838807619,178.493690423654,0.873298105809173,filtered_data,desi,39627805838807619,295
SDSS J095938.88+003512.5,2020yCat.1350....0G,39627799320858097,149.9120199116139,0.5868150225294944,filtered_data,desi,39627799320858097,296
LEDA 1179397,2020ApJS..249....3A,39627811387870600,149.1778981608216,0.9302114267186478,filtered_data,desi,39627811387870600,297
2QZ J095859.7+004718,2020yCat.1350....0G,39627805356463811,149.7491572318197,0.7885794006834005,filtered_data,desi,39627805356463811,298
[VV2000] J095946.8+004918,2020yCat.1350....0G,2305843037781108149,149.9451070506115,0.8218520942100302,filtered_data,desi,2305843037781108149,299
2MASX J09592102+0117518,2020yCat.1350....0G,39627817440250020,149.83766574417632,1.2977391166377368,filtered_data,desi,39627817440250020,300
ACS-GC 20024183,2007ApJS..172...99C,39627829515652887,149.7015145432715,1.6383442228357612,filtered_data,desi,39627829515652887,301
[VV2006] J095844.9+014309,2020yCat.1350....0G,39627829515652580,149.68725446912703,1.719167358043064,filtered_data,desi,39627829515652580,302
SDSS-C4 1304,2020ApJS..246....2A,39627823463272427,148.94560753453908,1.60186826906555,filtered_data,desi,39627823463272427,303
[VV2006] J095835.9+015156,2020yCat.1350....0G,39627829515651965,149.64993227417102,1.865853872272749,filtered_data,desi,39627829515651965,304
Z   8-3,2020yCat.1350....0G,39627829507263476,149.13946719739852,1.8492164516637164,filtered_data,desi,39627829507263476,305
Z   8-3,2020yCat.1350....0G,2305843037781102730,149.1394623626215,1.849228655408885,filtered_data,desi,2305843037781102730,306
COSMOS2015 372743,2009ApJS..184..218L,39627829511459915,149.46735767844652,1.8555742922802216,filtered_data,desi,39627829511459915,307
LEDA 1205871,2020yCat.1350....0G,2305843037793691992,151.13946980946514,1.7877563659718538,filtered_data,desi,2305843037793691992,308
SDSS J100208.54+014553.5,2009ApJS..182..543A,39627829532426981,150.535610075788,1.764887566149698,filtered_data,desi,39627829532426981,309
2XMM J100220.6+014614,2015ApJS..219...12A,39627829532427970,150.58605698773488,1.7706935321220612,filtered_data,desi,39627829532427970,310
SDSS J100049.58+014923.7,2007ApJS..172...46S,39627829524042019,150.20662652486337,1.8232621940116656,filtered_data,desi,39627829524042019,311
COSMOS2015 365746,2007ApJS..172...99C,39627829524041800,150.1987490209788,1.8434470563011087,filtered_data,desi,39627829524041800,312
COSMOS2015 299360,2007ApJS..172...99C,39627829524038460,150.0384110774403,1.740963910498742,filtered_data,desi,39627829524038460,313
2QZ J095940.1+015121,2012ApJS..203...21A,39627829519846592,149.91776386278582,1.8559817592794297,filtered_data,desi,39627829519846592,314
[VV2006] J100051.9+015919,2009ApJS..182..543A,39627835563840068,150.21634276006952,1.988702056308455,filtered_data,desi,39627835563840068,315
[VV2006] J100025.2+015851,2020yCat.1350....0G,39627835563837531,150.10520076966756,1.981133583329373,filtered_data,desi,39627835563837531,316
[VV2006] J100201.5+020329,2020yCat.1350....0G,39627835572224201,150.5062953400338,2.0581924640341898,filtered_data,desi,39627835572224201,317
SDSS J100104.42+020437.1,2007ApJS..172...46S,39627835568030155,150.2684605043037,2.077001547336089,filtered_data,desi,39627835568030155,318
2dFGRS TGN421Z182,2020yCat.1350....0G,39627835576422677,150.96242272905474,2.041020097601165,filtered_data,desi,39627835576422677,319
VVDS 100481003,2020yCat.1350....0G,39627841620413954,151.1617596863864,2.2093181334444187,filtered_data,desi,39627841620413954,320
Z  36-24,2020yCat.1350....0G,39627841612027510,150.7460640255189,2.343021150059698,filtered_data,desi,39627841612027510,321
Z  36-24,2020yCat.1350....0G,2305843037793693218,150.7460780099379,2.343035226593345,filtered_data,desi,2305843037793693218,322
[VV2006] J095858.7+020138,2020yCat.1350....0G,39627835555452195,149.74450948624244,2.027513087208732,filtered_data,desi,39627835555452195,323
COSMOS2015 486400,2009ApJS..184..218L,39627835559645310,149.95940087063403,2.0390886630546188,filtered_data,desi,39627835559645310,324
COSMOS2015 590456,2009ApJS..184..218L,39627841599441312,149.8465166869692,2.194981600084529,filtered_data,desi,39627841599441312,325
[VV2006] J100024.5+020619,2020yCat.1350....0G,39627835563837456,150.10199849286414,2.1054656738587583,filtered_data,desi,39627835563837456,326
HETDEX J100048.38+021454.2,2025PASP..137c4503K,39627841603638563,150.20158609449427,2.24840862988585,filtered_data,desi,39627841603638563,327
[AFH2012] 124,2012ApJ...758...47A,39627841603634901,150.0565699838058,2.2085015802785435,filtered_data,desi,39627841603634901,328
ACS-GC 20092931,2007ApJS..172...99C,39627841603634878,150.05589484518487,2.2334661172370893,filtered_data,desi,39627841603634878,329
COSMOS2015 624284,2020yCat.1350....0G,39627841603634325,150.03718403164683,2.244618871681377,filtered_data,desi,39627841603634325,330
SDSS J100139.75+022548.7,2020yCat.1350....0G,39627847647629481,150.41566257620534,2.430173971929,filtered_data,desi,39627847647629481,331
SDSS J100107.15+022519.5,2020yCat.1350....0G,39627847647625998,150.2798013690419,2.42208414513993,filtered_data,desi,39627847647625998,332
[VV2006] J095928.3+021950,2020yCat.1350....0G,39627841599441916,149.86804873363087,2.330691385698593,filtered_data,desi,39627841599441916,333
COSMOS2015 701038,2009ApJS..184..218L,39627841599441523,149.85397173398084,2.35856419695891,filtered_data,desi,39627841599441523,334
NMBS C16854,2009ApJS..184..218L,39627847643431150,150.00711035531302,2.4534518770629075,filtered_data,desi,39627847643431150,335
CANDELS COSMOS F160W J100023.50+022648.4,2007ApJS..172...99C,39627847643433416,150.0979107490458,2.446792088370453,filtered_data,desi,39627847643433416,336
SDSS J100102.18+023140.9,2007ApJS..172...99C,39627847647625481,150.25911357365757,2.528114427050182,filtered_data,desi,39627847647625481,337
NMBS C36178,2007ApJS..172...99C,39627847643433085,150.08607930867825,2.6004092514747867,filtered_data,desi,39627847643433085,338
2XMM J095755.4+022403,2009ApJS..182..543A,39627847630853214,149.48113890951,2.400328985465245,filtered_data,desi,39627847630853214,339
[VV2006] J095728.3+022542,2020yCat.1350....0G,39627847630850583,149.3680388798336,2.4283650386144413,filtered_data,desi,39627847630850583,340
2MASS J09575945+0228109,2020yCat.1350....0G,39627847630853577,149.4977449998927,2.469616796657164,filtered_data,desi,39627847630853577,341
LEDA 3092411,2020yCat.1350....0G,2305843037793683689,149.77301182790563,2.636077893326909,filtered_data,desi,2305843037793683689,342
LEDA 1236923,2020yCat.1350....0G,39627853679039317,149.99848824072902,2.76908196639235,filtered_data,desi,39627853679039317,343
ACS-GC 20182709,2007ApJS..172...99C,39627853679034669,149.7676259249385,2.719172790683755,filtered_data,desi,39627853679034669,344
LEDA 1239856,2020yCat.1350....0G,39627859714641882,149.7027943979435,2.878696703916394,filtered_data,desi,39627859714641882,345
SDSS J100125.41+023145.2,2020yCat.1350....0G,39627847647627813,150.35589571155373,2.5292112713309343,filtered_data,desi,39627847647627813,346
LEDA 3346237,2020yCat.1350....0G,2305843037793683681,150.03375852193142,2.7651666424613826,filtered_data,desi,2305843037793683681,347
2XMM J100030.0+025142,2020yCat.1350....0G,39627853683231545,150.12506666914348,2.8617533604889904,filtered_data,desi,39627853683231545,348
GALEX J100046.5+025408,2020yCat.1350....0G,39627859723031478,150.19357172015853,2.9024504460166347,filtered_data,desi,39627859723031478,349
SDSS J095940.61+030139.6,2020yCat.1350....0G,39627859718836121,149.91922237244984,3.027674598157713,filtered_data,desi,39627859718836121,350
SDSS J095940.61+030139.6,2020yCat.1350....0G,2305843037793684963,149.91922115746482,3.0276865135903503,filtered_data,desi,2305843037793684963,351
IC  588,2020yCat.1350....0G,39627859731415760,150.52932686898362,3.057695793765917,filtered_data,desi,39627859731415760,352
IC  588,2020yCat.1350....0G,2305843037793683358,150.52931957592168,3.0577001587376604,filtered_data,desi,2305843037793683358,353
[VV2006] J095743.3+024823,2020yCat.1350....0G,39627853670648971,149.43057318221858,2.806598290093643,filtered_data,desi,39627853670648971,354
SDSS J095729.90+024942.0,2020yCat.1350....0G,2305843037885966706,149.37460185912346,2.8283448134846805,filtered_data,desi,2305843037885966706,355
SDSS J100035.30+032254.7,2020yCat.1350....0G,39627871790042787,150.1471128984413,3.3818786960989544,filtered_data,desi,39627871790042787,356
MCG+00-31-008,2020yCat.1350....0G,2305843038204731816,179.6154163500485,0.717925304681037,filtered_data,desi,2305843038204731816,357
SDSS J115815.91+004728.2,2009ApJS..182..543A,39627805859776022,179.5663208342913,0.7911639596792049,filtered_data,desi,39627805859776022,358
2dFGRS TGN450Z076,2020yCat.1350....0G,39627817951955541,180.37657770743036,1.194105310443315,filtered_data,desi,39627817951955541,359
LEDA 1176264,2012ApJS..203...21A,39627805855583276,179.3810815448247,0.8171517124357438,filtered_data,desi,39627805855583276,360
RX J130033.6+232051,2020yCat.1350....0G,39628335004782489,195.13845274410812,23.338403895980672,filtered_data,desi,39628335004782489,361
SDSS J125944.55+240708.3,2020yCat.1350....0G,39628351626808343,194.93561807582145,24.118994578497222,filtered_data,desi,39628351626808343,362
QSO J1304+2454,2020yCat.1350....0G,39628373667876989,196.21423984950212,24.91274875572205,filtered_data,desi,39628373667876989,363
LEDA 5059233,2009ApJS..182..543A,39628357146513246,194.6899191534829,24.2339401745392,filtered_data,desi,39628357146513246,364
IRAS F12510+2603,2020yCat.1350....0G,39628390025659996,193.3645923014517,25.79654376330771,filtered_data,desi,39628390025659996,365
[PMD2011] J125557.90+255819.5,2020yCat.1350....0G,39628395478255841,193.9912045707818,25.972004702057795,filtered_data,desi,39628395478255841,366
Gaia DR3 3958529828960889472,2020yCat.1350....0G,39628400909878854,193.98678215512635,26.182015259650463,filtered_data,desi,39628400909878854,367
Z 160-45,2020yCat.1350....0G,39628411747961542,194.4293016884389,26.852377579519857,filtered_data,desi,39628411747961542,368
Z 160-45,2020yCat.1350....0G,2305843038703851688,194.429288571916,26.852380472919485,filtered_data,desi,2305843038703851688,369
7C 125405.59+271721.00,2003MNRAS.341....1M,39628417141835734,194.1290739855745,27.019092209650186,filtered_data,desi,39628417141835734,370
SDSS J125206.95+272717.4,2020yCat.1350....0G,39628427883448195,193.0289711133016,27.454863397147317,filtered_data,desi,39628427883448195,371
[VV2006] J030025.2+003223,2020yCat.1350....0G,b'    462854568481417216',45.105122,0.54008802,filtered_data,sdss,462854568481417216,372
ATO J030.1395+14.1983,2020yCat.1350....0G,b'    480879413743872000',30.139572,14.198325,filtered_data,sdss,480879413743872000,373
2MASX J04412715+2433110,2020yCat.1350....0G,b'   1415341719322388480',70.363287,24.553167,filtered_data,sdss,1415341719322388480,374
Z 540-123,2020yCat.1350....0G,b'   1874624769211525120',51.151958,40.690808,filtered_data,sdss,1874624769211525120,375
UGC  2646,2020yCat.1350....0G,b'   1874679744792913920',49.547789,40.351582,filtered_data,sdss,1874679744792913920,376
NGC  1271,2020yCat.1350....0G,b'   1874675621624309760',49.797033,41.353189,filtered_data,sdss,1874675621624309760,377
LEDA 2181376,2020yCat.1350....0G,b'   1874671223577798656',49.932577,41.456977,filtered_data,sdss,1874671223577798656,378
Z 540-100,2020yCat.1350....0G,b'   1874759184508020736',49.864087,41.635273,filtered_data,sdss,1874759184508020736,379
RX J0859.3+0047,2020yCat.1350....0G,b'    528091618624956416',134.83566,0.7867031,filtered_data,sdss,528091618624956416,380
[VV2006] J090016.7+021446,2020yCat.1350....0G,b'    528203768810989568',135.0695,2.246062,filtered_data,sdss,528203768810989568,381
GALEX J090618.5+022312,2020yCat.1350....0G,b'    530409114442950656',136.57685,2.386595,filtered_data,sdss,530409114442950656,382
Z   5-23,2020yCat.1350....0G,b'    528144120305182720',133.4197,1.5634967,filtered_data,sdss,528144120305182720,383
2MASX J09180027+0425066,2020yCat.1350....0G,b'   1115849041591166976',139.50108,4.4183788,filtered_data,sdss,1115849041591166976,384
4C 05.38,2020yCat.1350....0G,b'   1343240689676216320',138.50735,5.1307252,filtered_data,sdss,1343240689676216320,385
[VV2006] J090543.5+043347,2020yCat.1350....0G,b'   1342100770945787904',136.43154,4.5631515,filtered_data,sdss,1342100770945787904,386
SDSS J090821.01+045059.4,2020yCat.1350....0G,b'   1343271201123887104',137.08757,4.8498532,filtered_data,sdss,1343271201123887104,387
LEDA 2807128,2020ApJS..249....3A,b'   1342247005992282112',137.15227,5.2908198,filtered_data,sdss,1342247005992282112,388
[GUL2013] J090846.11+052843.3,2008ApJS..175..297A,b'   1342245631602747392',137.19212,5.4786376,filtered_data,sdss,1342245631602747392,389
2MASS J08533826+0332463,2020yCat.1350....0G,b'    636236838788425728',133.40945,3.5461523,filtered_data,sdss,636236838788425728,390
2MASX J08564070+0553474,2020yCat.1350....0G,b'   1338702730578913280',134.16969,5.8964866,filtered_data,sdss,1338702730578913280,391
NGC  2864,2020yCat.1350....0G,b'   1115912813265577984',141.06413,5.9411678,filtered_data,sdss,1115912813265577984,392
Z  34-28,2020yCat.1350....0G,b'   1115887524498139136',139.88798,5.8827618,filtered_data,sdss,1115887524498139136,393
Z  34-26,2020yCat.1350....0G,b'   1115871856457443328',139.76846,5.8861886,filtered_data,sdss,1115871856457443328,394
2MASS J09361749+0918146,2020yCat.1350....0G,b'   1467068520507402240',144.0729,9.3040965,filtered_data,sdss,1467068520507402240,395
WISEA J093642.00+111351.0,,b'   1960224774365931520',144.175,11.230836,filtered_data,sdss,1960224774365931520,396
SDSS J091458.61+110845.1,2020yCat.1350....0G,b'   1958087323727980544',138.74424,11.145902,filtered_data,sdss,1958087323727980544,397
2MASS J09090043+1059348,2020yCat.1350....0G,b'   1958046366919845888',137.25179,10.993019,filtered_data,sdss,1958046366919845888,398
SDSS J091616.96+121609.5,2020yCat.1350....0G,b'   2901519445031675904',139.07071,12.269326,filtered_data,sdss,2901519445031675904,399
AT 2023tmq,url:TNS            ,b'   2744970978965612544',139.77455,13.448005,filtered_data,sdss,2744970978965612544,400
[VV2000] J085724.0+090349,2020yCat.1350....0G,b'   1956874287541413888',134.34997,9.0636333,filtered_data,sdss,1956874287541413888,401
2MASS J08503276+1042434,2020yCat.1350....0G,b'   2898096115545040896',132.63652,10.712044,filtered_data,sdss,2898096115545040896,402
Z  60-20,2020yCat.1350....0G,b'   2895856959645313024',127.79255,9.6052421,filtered_data,sdss,2895856959645313024,403
LEDA 1402940,2020yCat.1350....0G,b'   2900415260479481856',135.73395,12.050108,filtered_data,sdss,2900415260479481856,404
Cl* NGC 2682   SAND     849,2020yCat.1350....0G,b'   2736001433940813824',132.69162,12.117232,filtered_data,sdss,2736001433940813824,405
Cl* NGC 2682   SAND     870,2020yCat.1350....0G,b'   2736000884184999936',132.71824,12.292206,filtered_data,sdss,2736000884184999936,406
SDSS J085642.06+123158.3,2009ApJS..182..543A,b'   2735937387388495872',134.17529,12.532868,filtered_data,sdss,2735937387388495872,407
SDSS J091333.06+124429.7,2020yCat.1350....0G,b'   2900485354345752576',138.38777,12.741592,filtered_data,sdss,2900485354345752576,408
Z  61-58,2020yCat.1350....0G,b'   2740480569619015680',136.20901,13.561896,filtered_data,sdss,2740480569619015680,409
QSO J0908+1609,2007ApJ...658..203H,b'   2743885757499336704',137.23301,16.165223,filtered_data,sdss,2743885757499336704,410
4C 13.39,2020yCat.1350....0G,b'   2736028921731508224',131.44664,13.482838,filtered_data,sdss,2736028921731508224,411
LB  8707,2020yCat.1350....0G,b'   2736031395632670720',132.19893,14.349365,filtered_data,sdss,2736031395632670720,412
GALEX J083959.9+142858,2020yCat.1350....0G,b'   2732591573505173504',129.99972,14.482787,filtered_data,sdss,2732591573505173504,413
QSO B0845+1559,2020yCat.1350....0G,b'   2737161418758449152',131.99862,15.792911,filtered_data,sdss,2737161418758449152,414
FIRST J085312.4+162619,2020yCat.1350....0G,b'   2737186982403794944',133.30148,16.438753,filtered_data,sdss,2737186982403794944,415
GALEX J090231.7+183555,2020yCat.1350....0G,b'   2570439995244439552',135.63234,18.598589,filtered_data,sdss,2570439995244439552,416
Z  90-39,2020yCat.1350....0G,b'   2568210460239226880',133.96866,18.156481,filtered_data,sdss,2568210460239226880,417
[VV2006] J094737.7+110843,2020yCat.1350....0G,b'   1961323736254670848',146.9071,11.145353,filtered_data,sdss,1961323736254670848,418
MCG+02-26-012,2020yCat.1350....0G,b'   2909348518701328384',149.78734,13.064577,filtered_data,sdss,2909348518701328384,419
LEDA 1448920,2012ApJS..203...21A,b'   2909353466503653376',149.90604,14.088754,filtered_data,sdss,2909353466503653376,420
2MASS J09472925+1412452,2020yCat.1350....0G,b'   2907208593960888320',146.87188,14.212614,filtered_data,sdss,2907208593960888320,421
Z  93-6,2020ApJS..249....3A,b'   2909435929875736576',149.26352,15.578267,filtered_data,sdss,2909435929875736576,422
NGC  2923,2020yCat.1350....0G,b'   2667327585561634816',144.01595,16.760381,filtered_data,sdss,2667327585561634816,423
IRAS 09425+1751,2020yCat.1350....0G,b'   2668465580616476672',146.33891,17.631469,filtered_data,sdss,2668465580616476672,424
[ROM2016] SDSS J0946+1835 system,2016MNRAS.458....2R,b'   2659431168365062144',146.51998,18.594366,filtered_data,sdss,2659431168365062144,425
MCG+03-27-047,2009ApJS..182..543A,b'   2674052749053683712',157.12501,19.562399,filtered_data,sdss,2674052749053683712,426
IC  582,2020yCat.1350....0G,b'   2910541487877941248',149.75094,17.817143,filtered_data,sdss,2910541487877941248,427
Z 123-18,2020yCat.1350....0G,b'   2661757184844523520',151.30621,21.455964,filtered_data,sdss,2661757184844523520,428
LEDA 1502070,2020yCat.1350....0G,b'   2745057840384206848',138.88924,16.155641,filtered_data,sdss,2745057840384206848,429
Z  91-28,2020yCat.1350....0G,b'   2746151025441269760',138.55316,16.742332,filtered_data,sdss,2746151025441269760,430
NGC  2794,2020yCat.1350....0G,b'   2743980865255139328',139.00747,17.589822,filtered_data,sdss,2743980865255139328,431
NVSS J092327+171104,2015ApJS..219...12A,b'   2746079557185464320',140.86381,17.184323,filtered_data,sdss,2746079557185464320,432
[SAB2013] SDSS J0921+1810 lens,2013MNRAS.433.2604G,b'   2746230190278469632',140.35727,18.171491,filtered_data,sdss,2746230190278469632,433
MCG+04-23-001,2020yCat.1350....0G,b'   2577223981635495936',142.01889,20.529209,filtered_data,sdss,2577223981635495936,434
NGC  2802,2020yCat.1350....0G,b'   2746171641284290560',139.17262,18.963463,filtered_data,sdss,2746171641284290560,435
2MASS J09054635+2024381,2020yCat.1350....0G,b'   2573911977600509952',136.44317,20.410594,filtered_data,sdss,2573911977600509952,436
LEDA 4572682,2011yCat.2306....0A,b'   2573950185629575168',137.5224,20.212698,filtered_data,sdss,2573950185629575168,437
Z 121-65,2020yCat.1350....0G,b'   2578353455273895936',140.72109,21.975186,filtered_data,sdss,2578353455273895936,438
SDSS J091640.82+221752.2,2020ApJS..249....3A,b'   2574940295934273536',139.17012,22.297863,filtered_data,sdss,2574940295934273536,439
IC 2506,2020yCat.1350....0G,b'   2586338108899354624',146.30322,27.25199,filtered_data,sdss,2586338108899354624,440
Z  59-43,2020yCat.1350....0G,b'   2553596575830009856',121.46186,12.479986,filtered_data,sdss,2553596575830009856,441
CRTS J081207.6+131825,2020yCat.1350....0G,b'   2553560017068386304',123.03182,13.306795,filtered_data,sdss,2553560017068386304,442
NVSS J082512+131946,2020ApJS..249....3A,b'   2730393655197067264',126.30155,13.329893,filtered_data,sdss,2730393655197067264,443
SDSS J075738.94+144827.5,2020yCat.1350....0G,b'   2549182311522396160',119.41227,14.807648,filtered_data,sdss,2549182311522396160,444
Z  88-21,2020yCat.1350....0G,b'   2551430812750866432',120.49372,15.058754,filtered_data,sdss,2551430812750866432,445
2MASX J08214370+1612413,2020yCat.1350....0G,b'   2558165871797233664',125.43202,16.211557,filtered_data,sdss,2558165871797233664,446
SDSS J080906.87+172955.1,2020yCat.1350....0G,b'   2165108600198948864',122.27867,17.498668,filtered_data,sdss,2165108600198948864,447
MCG+03-22-022,2009ApJS..182..543A,b'   2564835509297768448',130.24421,16.18337,filtered_data,sdss,2564835509297768448,448
LINEAR 4598709,2020yCat.1350....0G,b'   2564850077826836480',129.83284,17.027123,filtered_data,sdss,2564850077826836480,449
iPTF 17rzn,2020yCat.1350....0G,b'   2566021607415900160',130.31612,18.274543,filtered_data,sdss,2566021607415900160,450
LEDA 3090192,2020yCat.1350....0G,b'   2561440217357641728',129.35035,18.386195,filtered_data,sdss,2561440217357641728,451
2MASS J08374216+1853250,2020yCat.1350....0G,b'   2561443515892525056',129.42566,18.890312,filtered_data,sdss,2561443515892525056,452
2MASS J08371788+1916476,2020yCat.1350....0G,b'   2561583428747159552',129.32456,19.280008,filtered_data,sdss,2561583428747159552,453
LINEAR 5244248,2020yCat.1350....0G,b'   2568296771902007296',132.33541,18.438165,filtered_data,sdss,2568296771902007296,454
UGCS J083942.79+193548.2,2020ApJS..249....3A,b'   2563726651720493056',129.92825,19.596701,filtered_data,sdss,2563726651720493056,455
LB  1859,2020yCat.1350....0G,b'   2563817086551877632',130.28039,19.835272,filtered_data,sdss,2563817086551877632,456
NGC  2647,2020yCat.1350....0G,b'   2563704936365844480',130.6796,19.650613,filtered_data,sdss,2563704936365844480,457
SDSS J084502.88+200850.8,2020yCat.1350....0G,b'   2563847323121641472',131.26205,20.147464,filtered_data,sdss,2563847323121641472,458
2MASS J08413315+2005258,2020yCat.1350....0G,b'   2563825058011179008',130.38814,20.090501,filtered_data,sdss,2563825058011179008,459
NGC  2581,2020yCat.1350....0G,b'   2559281051398596608',126.12892,18.597091,filtered_data,sdss,2559281051398596608,460
Z  89-40,2020yCat.1350....0G,b'   2559341524538124288',127.99021,19.211523,filtered_data,sdss,2559341524538124288,461
[BKD2008] WR 532,2012ApJS..203...21A,b'   2561555391200651264',128.32559,19.345852,filtered_data,sdss,2561555391200651264,462
SDSS J081800.19+191810.0,2018yCat.1345....0G,b'   2344256703291222016',124.50082,19.30281,filtered_data,sdss,2344256703291222016,463
LEDA 1634430,2020yCat.1350....0G,b'   2169611650104059904',126.6171,20.721935,filtered_data,sdss,2169611650104059904,464
** RAO  123A,2020yCat.1350....0G,b'   2567147506852980736',130.60827,21.230827,filtered_data,sdss,2567147506852980736,465
ICRF J075000.3+182311,2020A&A...644A.159C,b'   2161859543254984704',117.50137,18.386502,filtered_data,sdss,2161859543254984704,466
NGC  2553,2020yCat.1350....0G,b'   2167515706164275200',124.39584,20.903072,filtered_data,sdss,2167515706164275200,467
NGC  2562,2020yCat.1350....0G,b'   2169660303493588992',125.09857,21.131471,filtered_data,sdss,2169660303493588992,468
SDSS J082329.31+213646.4,2020MNRAS.494.1784A,b'   2169745790522648576',125.87237,21.613006,filtered_data,sdss,2169745790522648576,469
IC 2248,2020yCat.1350....0G,b'   2168581407641724928',124.02003,23.134019,filtered_data,sdss,2168581407641724928,470
[VV2006] J081545.7+241311,2020yCat.1350....0G,b'   1784605003231553536',123.94029,24.220002,filtered_data,sdss,1784605003231553536,471
QSO J0820+2334,2020yCat.1350....0G,b'   2168587180077770752',125.10092,23.580691,filtered_data,sdss,2168587180077770752,472
IC  501,2020yCat.1350....0G,b'   1784684992702474240',124.69828,24.537425,filtered_data,sdss,1784684992702474240,473
Z 118-54,2020yCat.1350....0G,b'   1356733072040552448',120.81885,24.676777,filtered_data,sdss,1356733072040552448,474
NGC  2487,2020yCat.1350....0G,b'   1355727568640174080',119.58527,25.149213,filtered_data,sdss,1355727568640174080,475
SLACS SDSS J0822+2652,2020yCat.1350....0G,b'   1426584775270885376',125.67633,26.878765,filtered_data,sdss,1426584775270885376,476
SDSS J082212.57+275307.4,2020yCat.1350....0G,b'   1426611988183672832',125.55241,27.885395,filtered_data,sdss,1426611988183672832,477
2MASS J08183573+2850223,2020yCat.1350....0G,b'   1359043146004064256',124.64888,28.839579,filtered_data,sdss,1359043146004064256,478
2MASS J08573067+2006240,2020yCat.1350....0G,b'   2570541700070008832',134.37785,20.10665,filtered_data,sdss,2570541700070008832,479
SDSS J090523.70+282955.6,2020ApJS..249....3A,b'   2177662274846615552',136.34877,28.498783,filtered_data,sdss,2177662274846615552,480
LINEAR 6429965,2020yCat.1350....0G,b'   2349901047188711424',139.79327,26.959338,filtered_data,sdss,2349901047188711424,481
LEDA   27591,2015ApJS..219...12A,b'   2186512794667476992',145.05351,29.59176,filtered_data,sdss,2186512794667476992,482
Z 152-31,2020yCat.1350....0G,b'   2186570793905842176',143.85952,29.812624,filtered_data,sdss,2186570793905842176,483
LINEAR 7254453,2020yCat.1350....0G,b'   2185510314454312960',142.68373,32.154661,filtered_data,sdss,2185510314454312960,484
Z 151-53,2020yCat.1350....0G,b'   1792466511839913984',139.64625,32.270007,filtered_data,sdss,1792466511839913984,485
NGC  2839,2020yCat.1350....0G,b'   1792577287636412416',140.15138,33.65068,filtered_data,sdss,1792577287636412416,486
Z 181-35,2020yCat.1350....0G,b'   1792588832508504064',140.54309,33.84855,filtered_data,sdss,1792588832508504064,487
NGC  2828,2020yCat.1350....0G,b'   1792545401799206912',139.89513,33.888093,filtered_data,sdss,1792545401799206912,488
LEDA 3095868,2020ApJS..249....3A,b'   1434430341547845632',140.84084,34.728607,filtered_data,sdss,1434430341547845632,489
ACO   692,2008ApJS..176..414Y,b'   2173098201911945216',130.154,26.632995,filtered_data,sdss,2173098201911945216,490
SDSS J084940.38+301115.3,2020ApJS..249....3A,b'   1429904201864996864',132.41825,30.187615,filtered_data,sdss,1429904201864996864,491
SDSS J085058.09+303053.6,2020ApJS..249....3A,b'   1429898154551044096',132.74208,30.514885,filtered_data,sdss,1429898154551044096,492
LEDA  139129,2020yCat.1350....0G,b'   1428780500075440128',130.7331,29.457495,filtered_data,sdss,1428780500075440128,493
LEDA 3095822,2020yCat.1350....0G,b'   1428915190249842688',131.24294,30.943985,filtered_data,sdss,1428915190249842688,494
IC 2378,2020ApJS..249....3A,b'   1360170145422534656',127.13186,30.431325,filtered_data,sdss,1360170145422534656,495
LEDA 1954290,2020ApJS..249....3A,b'   1360244912213223424',128.66427,31.585052,filtered_data,sdss,1360244912213223424,496
[VV2006] J084255.6+331822,2020yCat.1350....0G,b'   1361358167769901056',130.7317,33.306272,filtered_data,sdss,1361358167769901056,497
LEDA 3997554,2009ApJS..182..543A,b'   1433308564776052736',138.3015,33.444403,filtered_data,sdss,1433308564776052736,498
7C 090843.79+340139.00,2020yCat.1350....0G,b'   1433327806229538816',137.94901,33.821325,filtered_data,sdss,1433327806229538816,499
SDSS J091101.47+344427.1,2009ApJS..182..543A,b'   1433389928636508160',137.75615,34.74088,filtered_data,sdss,1433389928636508160,500
NGC  2779,2020yCat.1350....0G,b'   1433400923752785920',138.11788,35.053753,filtered_data,sdss,1433400923752785920,501
NGC  2746,2020yCat.1350....0G,b'   1364650930703722496',136.49768,35.377377,filtered_data,sdss,1364650930703722496,502
SDSS J090710.08+365957.5,2020yCat.1350....0G,b'   1364690238244415488',136.79199,36.999319,filtered_data,sdss,1364690238244415488,503
7C 084350.20+345911.00,2020yCat.1350....0G,b'   1051624367802312704',131.7472,34.806985,filtered_data,sdss,1051624367802312704,504
Z 180-22,2020yCat.1350....0G,b'   1052759063315638272',133.63264,36.509616,filtered_data,sdss,1052759063315638272,505
SDSS J084316.32+362014.7,2020yCat.1350....0G,b'    972797074766587904',130.81804,36.33743,filtered_data,sdss,972797074766587904,506
Z 179-26,2020yCat.1350....0G,b'    972950181760755712',131.40772,36.934653,filtered_data,sdss,972950181760755712,507
SDSS J085153.64+392611.7,2012ApJS..203...21A,b'   1348949079454935040',132.97352,39.436624,filtered_data,sdss,1348949079454935040,508
LEDA   91020,2009ApJS..182..543A,b'   2674032957844383744',157.74173,20.081937,filtered_data,sdss,2674032957844383744,509
[VV96] J103633.0+220312,2020yCat.1350....0G,b'   2665026308228016128',159.13743,22.0534,filtered_data,sdss,2665026308228016128,510
MCG+04-25-014,2020yCat.1350....0G,b'   2664008709847410688',155.82834,22.390777,filtered_data,sdss,2664008709847410688,511
LEDA 1693738,2020yCat.1350....0G,b'   2644741142842730496',157.74696,23.788552,filtered_data,sdss,2644741142842730496,512
SDSS J103544.00+235744.5,2020yCat.1350....0G,b'   2648151553638164480',158.93332,23.96238,filtered_data,sdss,2648151553638164480,513
SDSS J102912.86+245720.4,2020ApJS..249....3A,b'   2644890951302014976',157.30362,24.955677,filtered_data,sdss,2644890951302014976,514
Ton  524,2020yCat.1350....0G,b'   2650402254426761216',157.89292,28.78366,filtered_data,sdss,2650402254426761216,515
SDSS J105905.07+272755.5,2020yCat.1350....0G,b'   2656011963204659200',164.77112,27.465405,filtered_data,sdss,2656011963204659200,516
Z 155-79,2020yCat.1350....0G,b'   2491718812043339776',167.35751,29.569247,filtered_data,sdss,2491718812043339776,517
LEDA 1863935,2020yCat.1350....0G,b'   2230446256461735936',162.41849,29.364619,filtered_data,sdss,2230446256461735936,518
ACO  1045,2020ApJS..246....2A,b'   2650525399729072128',158.71746,30.694846,filtered_data,sdss,2650525399729072128,519
MCG+05-26-025,2020yCat.1350....0G,b'   2230437735246620672',163.07705,30.072496,filtered_data,sdss,2230437735246620672,520
Shk 191-6,2020yCat.1350....0G,b'   2230520473496610816',162.03281,31.466888,filtered_data,sdss,2230520473496610816,521
7C 101146.4+280358,2020yCat.1350....0G,b'   2643626513315948544',153.64872,27.817622,filtered_data,sdss,2643626513315948544,522
NGC  3196,2020yCat.1350....0G,b'   2645979468333606912',154.70429,27.668958,filtered_data,sdss,2645979468333606912,523
7C 102035.0+291157,2020yCat.1350....0G,b'   2647032800825337856',155.85021,28.947509,filtered_data,sdss,2647032800825337856,524
RX J1023.6+3001,2020yCat.1350....0G,b'   2647135880040441856',155.91558,30.016053,filtered_data,sdss,2647135880040441856,525
SDSS J104700.96+342337.3,2020yCat.1350....0G,b'   2280086457139881984',161.75402,34.393704,filtered_data,sdss,2280086457139881984,526
SDSS J103529.48+343420.2,2012ApJS..203...21A,b'   2359924195707611136',158.87283,34.572295,filtered_data,sdss,2359924195707611136,527
2MASS J10354001+3551238,2020yCat.1350....0G,b'   2221415966942717952',158.91668,35.8567,filtered_data,sdss,2221415966942717952,528
LEDA 2103473,2020yCat.1350....0G,b'   2249596175101487104',160.32007,37.549063,filtered_data,sdss,2249596175101487104,529
LEDA   86918,2009ApJS..182..543A,b'   2200051630123018240',154.25108,35.521922,filtered_data,sdss,2200051630123018240,530
BAX 155.5304+38.5153,2020ApJS..246....2A,b'   1607839543094962176',155.57598,38.544323,filtered_data,sdss,1607839543094962176,531
[YSS2008] 98,2008ApJS..176..414Y,b'   1607947844990298112',157.64126,39.20903,filtered_data,sdss,1607947844990298112,532
Z 185-22,2020yCat.1350....0G,b'   2372396511561541632',168.73684,33.825648,filtered_data,sdss,2372396511561541632,533
LEDA   87039,2020yCat.1350....0G,b'   2292390267384260608',173.03965,37.053082,filtered_data,sdss,2292390267384260608,534
4C 36.18,2020yCat.1350....0G,b'   2290203064214251520',166.86221,36.270063,filtered_data,sdss,2290203064214251520,535
Z 185-12,2020yCat.1350....0G,b'   2285641191024257024',167.46782,37.001952,filtered_data,sdss,2285641191024257024,536
LEDA 4095638,2009ApJS..182..543A,b'   2353141583638980608',164.16813,36.141095,filtered_data,sdss,2353141583638980608,537
SDSS J110427.76+355245.2,2020yCat.1350....0G,b'   2290180249347975168',166.11571,35.879233,filtered_data,sdss,2290180249347975168,538
2MASS J11140749+3902430,2020yCat.1350....0G,b'   2229322005319018496',168.53129,39.045293,filtered_data,sdss,2229322005319018496,539
FIRST J111140.4+404707,2020yCat.1350....0G,b'   1620233238247139328',167.91866,40.785258,filtered_data,sdss,1620233238247139328,540
Z 214-28,2020yCat.1350....0G,b'   2248580501386323968',177.08348,38.74835,filtered_data,sdss,2248580501386323968,541
MCG+07-24-015,2020MNRAS.494.1784A,b'   2292431773948209152',172.53854,38.620447,filtered_data,sdss,2292431773948209152,542
IRAS 11387+4116,2020yCat.1350....0G,b'   1626991937212934144',175.3418,40.997306,filtered_data,sdss,1626991937212934144,543
2MASS J11243917+4201450,2020yCat.1350....0G,b'   1624772023119013888',171.16327,42.029176,filtered_data,sdss,1624772023119013888,544
LEDA 3096047,2020yCat.1350....0G,b'   1536863869572507648',171.54848,42.879581,filtered_data,sdss,1536863869572507648,545
QSO B1123+434,2020yCat.1350....0G,b'   1536863319816693760',171.63673,43.160723,filtered_data,sdss,1536863319816693760,546
[VV2006] J115412.1+463552,2020yCat.1350....0G,b'   1628088425485723648',178.55028,46.597827,filtered_data,sdss,1628088425485723648,547
NGC  4001,2020yCat.1350....0G,b'   1631481793850927104',179.52827,47.334853,filtered_data,sdss,1631481793850927104,548
Z 184-20,2020yCat.1350....0G,b'   2353273525034313728',162.53036,36.341831,filtered_data,sdss,2353273525034313728,549
3XMM J104909.8+373758,2020yCat.1350....0G,b'   2259748516404422656',162.29093,37.63308,filtered_data,sdss,2259748516404422656,550
LEDA 2140560,2012ApJS..203...21A,b'   2238377583689361408',164.30668,38.962278,filtered_data,sdss,2238377583689361408,551
SDSS J104658.44+382728.2,2009ApJS..182..543A,b'   2259774080049768448',161.74354,38.457841,filtered_data,sdss,2259774080049768448,552
7C 104651.79+381217.00,2020yCat.1350....0G,b'   2259751814939305984',162.42383,37.941639,filtered_data,sdss,2259751814939305984,553
Z 212-54,2020ApJS..249....3A,b'   1613427261808076800',161.91869,38.931583,filtered_data,sdss,1613427261808076800,554
BD+41  2141,2020yCat.1350....0G,b'   3377753402971889664',164.11972,40.253248,filtered_data,sdss,3377753402971889664,555
Z 213-8,2020yCat.1350....0G,b'   1533500463301814272',164.0669,42.333142,filtered_data,sdss,1533500463301814272,556
LEDA 2209540,2020yCat.1350....0G,b'   1534642581055498240',166.39903,42.945333,filtered_data,sdss,1534642581055498240,557
Z 212-36,2020yCat.1350....0G,b'   1613495981284812800',160.18512,39.074319,filtered_data,sdss,1613495981284812800,558
PB   329,2020yCat.1350....0G,b'   1530265974165497856',157.93558,41.905798,filtered_data,sdss,1530265974165497856,559
NGC  3950,2020yCat.1350....0G,b'   1628178585439201280',178.42255,47.884573,filtered_data,sdss,1628178585439201280,560
Z 241-96,2020yCat.1350....0G,b'   1619094694812215296',167.96744,45.541403,filtered_data,sdss,1619094694812215296,561
2MASS J11441005+5158495,2020yCat.1350....0G,b'    990824668204132352',176.04225,51.980502,filtered_data,sdss,990824668204132352,562
Z 268-83,2020yCat.1350....0G,b'    990953585942489088',176.84006,52.449591,filtered_data,sdss,990953585942489088,563
WTP 17aamzew,2024ApJ...961..211M,b'   2191075493330053120',146.23572,31.097845,filtered_data,sdss,2191075493330053120,564
NGC  2970,2020yCat.1350....0G,b'   2191095009661446144',145.87944,31.97698,filtered_data,sdss,2191095009661446144,565
SDSS J095048.90+320143.4,2020yCat.1350....0G,b'   2191159605969577984',147.70379,32.028745,filtered_data,sdss,2191159605969577984,566
MCG+06-21-054,2009ApJS..182..543A,b'   1435535900506351616',143.83337,35.913679,filtered_data,sdss,1435535900506351616,567
UGC  5014,2020MNRAS.494.1784A,b'   1434407801559476224',141.42775,34.856623,filtered_data,sdss,1434407801559476224,568
LEDA 3530362,2020yCat.1350....0G,b'   1434403953268779008',142.72477,35.439791,filtered_data,sdss,1434403953268779008,569
NVSS J092821+364628,2012ApJS..203...21A,b'   1435607093884250112',142.08832,36.774497,filtered_data,sdss,1435607093884250112,570
Z 181-85,2020ApJS..249....3A,b'   1436703032753547264',145.75912,37.823147,filtered_data,sdss,1436703032753547264,571
GALEX J093956.3+390711,2020yCat.1350....0G,b'   1367988223741028352',144.98476,39.120061,filtered_data,sdss,1367988223741028352,572
[JPV2013] IJ101611.14+384924.7,2020yCat.1350....0G,b'   1606787035555719168',154.04641,38.823442,filtered_data,sdss,1606787035555719168,573
PB   287,2020yCat.1350....0G,b'   1530264050020149248',157.28222,42.298051,filtered_data,sdss,1530264050020149248,574
[WHL2012] J093652.1+410004,2012ApJS..199...34W,b'   1058380591843534848',144.21725,41.000998,filtered_data,sdss,1058380591843534848,575
Z 210-29,2020yCat.1350....0G,b'   1058353653808654336',145.9894,41.687341,filtered_data,sdss,1058353653808654336,576
Z 209-40,2020yCat.1350....0G,b'   1352258059782612992',139.11692,42.138548,filtered_data,sdss,1352258059782612992,577
SDSS J090858.15+414926.5,2007ApJS..172..634A,b'   1351194282182076416',137.24233,41.824025,filtered_data,sdss,1351194282182076416,578
NGC  2755,2015ApJS..219...12A,b'   1351214348269283328',136.99296,41.708938,filtered_data,sdss,1351214348269283328,579
MCG+07-19-018,2020yCat.1350....0G,b'   1351185760966961152',136.11414,41.486196,filtered_data,sdss,1351185760966961152,580
LEDA 2185557,2020yCat.1350....0G,b'   1351186035844868096',135.89407,41.710129,filtered_data,sdss,1351186035844868096,581
SDSS J094722.98+445948.6,2020yCat.1350....0G,b'   1353340803824510976',146.84579,44.996834,filtered_data,sdss,1353340803824510976,582
GALEX J094714.2+455701,2020yCat.1350....0G,b'   3328246237328599040',146.80982,45.950372,filtered_data,sdss,3328246237328599040,583
LEDA 2361432,2020yCat.1350....0G,b'   1132808183832668160',151.33388,50.053336,filtered_data,sdss,1132808183832668160,584
MCG+08-18-023,2020ApJS..249....3A,b'   1131626208748922880',145.40757,48.670573,filtered_data,sdss,1131626208748922880,585
[VV2006] J105545.4+462839,2009A&A...505..385A,b'   1616884951318292480',163.93937,46.477644,filtered_data,sdss,1616884951318292480,586
2MASS J10334632+4718039,2020yCat.1350....0G,b'   1082159728894699520',158.44292,47.301123,filtered_data,sdss,1082159728894699520,587
RX J1048.9+5010,2020yCat.1350....0G,b'    986361480695801856',162.24006,50.162598,filtered_data,sdss,986361480695801856,588
6C 105337+503613,2020yCat.1350....0G,b'    986319149498132480',164.11772,50.331127,filtered_data,sdss,986319149498132480,589
SDSS J104913.15+510232.6,2020yCat.1350....0G,b'    986391442387658752',162.3048,51.042415,filtered_data,sdss,986391442387658752,590
LEDA 2399289,2020yCat.1350....0G,b'    988710856864851968',171.06549,51.742298,filtered_data,sdss,988710856864851968,591
Z 268-13,2020yCat.1350....0G,b'    988675947370670080',169.37408,51.403922,filtered_data,sdss,988675947370670080,592
Mrk 1445,2015ApJS..219...12A,b'    988676222248577024',169.38494,51.431606,filtered_data,sdss,988676222248577024,593
SDSS J111518.76+531948.3,2012ApJS..203...21A,b'   1140617740030076928',168.82816,53.33011,filtered_data,sdss,1140617740030076928,594
NGC  3549,2020yCat.1350....0G,b'   1139484417446668288',167.73701,53.387772,filtered_data,sdss,1139484417446668288,595
QSO B1117+535,2020yCat.1350....0G,b'   1139415972847839232',170.04607,53.217077,filtered_data,sdss,1139415972847839232,596
MCG+09-19-001,2020yCat.1350....0G,b'   1022348216428947456',168.23579,55.683411,filtered_data,sdss,1022348216428947456,597
[VV2006] J111504.4+550143,2020yCat.1350....0G,b'   1139534170347825152',168.76856,55.028768,filtered_data,sdss,1139534170347825152,598
SDSS J113740.23+570441.8,2020yCat.1350....0G,b'   1475068291947980800',174.41763,57.078267,filtered_data,sdss,1475068291947980800,599
MCG+10-17-097,2020yCat.1350....0G,b'   1073024433112770560',178.37027,59.699089,filtered_data,sdss,1073024433112770560,600
[PEG2006] SDSS J1021+4913 A,2006AJ....131...41P,b'    983055249314965504',155.29594,49.225096,filtered_data,sdss,983055249314965504,601
LEDA 2383543,2020yCat.1350....0G,b'   1136092149113186304',158.06726,50.855456,filtered_data,sdss,1136092149113186304,602
NGC  3148,2020yCat.1350....0G,b'   1133930510293166080',153.35968,50.445468,filtered_data,sdss,1133930510293166080,603
6C 104104+533830,2020A&A...644A.159C,b'   1137274948830652416',161.0445,53.372387,filtered_data,sdss,1137274948830652416,604
[VV2006] J104723.5+540406,2020yCat.1350....0G,b'   1020076900199983104',161.84804,54.06858,filtered_data,sdss,1020076900199983104,605
QSO B1010+5630,2020yCat.1350....0G,b'   1065237966575659008',153.40158,56.26012,filtered_data,sdss,1065237966575659008,606
2MASX J10200192+5627397,2015ApJS..219...12A,b'   1065262155831470080',155.00746,56.461184,filtered_data,sdss,1065262155831470080,607
Z 267-29,2020yCat.1350....0G,b'   1022403741766150144',164.59607,55.618,filtered_data,sdss,1022403741766150144,608
NGC  3770,2020yCat.1350....0G,b'   3243838103667894272',174.49481,59.616962,filtered_data,sdss,3243838103667894272,609
LEDA 2807143,2009ApJS..182..543A,b'   3243844700737660928',174.8621,60.172615,filtered_data,sdss,3243844700737660928,610
LEDA   36367,2020ApJS..249....3A,b'   3243868889993472000',175.67495,59.838107,filtered_data,sdss,3243868889993472000,611
[VV2006] J115705.6+615521,2020yCat.1350....0G,b'    874853678475929600',179.27296,61.922705,filtered_data,sdss,874853678475929600,612
7C 110150.60+605503.00,2020A&A...644A.159C,b'    871493020615206912',166.22373,60.648691,filtered_data,sdss,871493020615206912,613
[VV2006] J105314.4+605147,2020yCat.1350....0G,b'    871533152789620736',163.31009,60.863412,filtered_data,sdss,871533152789620736,614
[VV2006] J114013.8+624156,2020yCat.1350....0G,b'    873837729715087360',175.05726,62.698992,filtered_data,sdss,873837729715087360,615
Z 314-30,2020yCat.1350....0G,b'    873804744366254080',173.11709,62.50731,filtered_data,sdss,873804744366254080,616
LEDA   35319,2020yCat.1350....0G,b'    873787152180209664',172.13373,62.920576,filtered_data,sdss,873787152180209664,617
Z 117-62,2020yCat.1350....0G,b'    964919348730816512',115.09476,23.274986,filtered_data,sdss,964919348730816512,618
[VV2006] J074656.9+245312,2020yCat.1350....0G,b'    965068332556380160',116.7372,24.886887,filtered_data,sdss,965068332556380160,619
Z 148-71,2020yCat.1350....0G,b'    967183518100645888',119.10453,27.012559,filtered_data,sdss,967183518100645888,620
V* PT Gem,2020yCat.1350....0G,b'    967211280769247232',118.65215,27.999619,filtered_data,sdss,967211280769247232,621
SDSS J080157.47+282620.7,2020yCat.1350....0G,b'    968307768773601280',120.48948,28.439104,filtered_data,sdss,968307768773601280,622
CRTS J073817.7+285519,2020yCat.1350....0G,b'    848937913054947328',114.57394,28.922131,filtered_data,sdss,848937913054947328,623
Z 147-63,2020yCat.1350....0G,b'   1000985809878280192',116.11042,29.269371,filtered_data,sdss,1000985809878280192,624
Z 148-40,2020yCat.1350....0G,b'   1001088614215477248',117.5001,30.02495,filtered_data,sdss,1001088614215477248,625
GALEX J075919.4+321948,2020yCat.1350....0G,b'   1002224408384792576',119.8309,32.330131,filtered_data,sdss,1002224408384792576,626
Z 178-12,2020yCat.1350....0G,b'   1003245579825866752',119.68078,32.861598,filtered_data,sdss,1003245579825866752,627
Z 177-33,2020yCat.1350....0G,b'    485307421560956928',113.47227,37.025901,filtered_data,sdss,485307421560956928,628
2MASX J07363185+3830585,2020yCat.1350....0G,b'    485409401264433152',114.13261,38.516217,filtered_data,sdss,485409401264433152,629
7C 081553.29+323637.00,2020A&A...644A.159C,b'    970592828914690048',124.75971,32.443677,filtered_data,sdss,970592828914690048,630
Ton  905,2020yCat.1350....0G,b'    970579634775156736',124.75767,33.276516,filtered_data,sdss,970579634775156736,631
Ton  299,2020yCat.1350....0G,b'    928933982001719296',121.61707,32.516509,filtered_data,sdss,928933982001719296,632
IRAS F08322+3609,2020yCat.1350....0G,b'   1347870733409216512',128.86451,35.992374,filtered_data,sdss,1347870733409216512,633
LEDA 3389871,2020ApJS..249....3A,b'    930157463666190336',126.43335,35.583128,filtered_data,sdss,930157463666190336,634
GMBCG 121.14617+33.08568,2010ApJS..191..254H,b'    928952948577298432',121.14617,33.085681,filtered_data,sdss,928952948577298432,635
RX J0809.6+3455,2020yCat.1350....0G,b'   1004337666294048768',122.41201,34.927004,filtered_data,sdss,1004337666294048768,636
2MASS J08054717+3837179,2020yCat.1350....0G,b'    853552563709044736',121.44657,38.621659,filtered_data,sdss,853552563709044736,637
NGC  2528,2020yCat.1350....0G,b'    854638881214064640',121.85344,39.194487,filtered_data,sdss,854638881214064640,638
2MASS J08084424+3948519,2020yCat.1350....0G,b'    613619059585476608',122.18443,39.814554,filtered_data,sdss,613619059585476608,639
2MASS J08404104+3838201,2020yCat.1350....0G,b'    932285568790849536',130.17102,38.638852,filtered_data,sdss,932285568790849536,640
MCG+08-16-018,2020yCat.1350....0G,b'    619313975984678912',129.1912,47.369488,filtered_data,sdss,619313975984678912,641
V* EU Lyn,2020yCat.1350....0G,b'    611381550319167488',118.16853,36.473119,filtered_data,sdss,611381550319167488,642
2MASS J07570566+3721124,2020yCat.1350....0G,b'    611518989272639488',119.2736,37.353442,filtered_data,sdss,611518989272639488,643
PTF 12aob,2012ATel.3957....1G,b'    611456042231949312',117.02049,37.174403,filtered_data,sdss,611456042231949312,644
SDSS J074654.32+390240.7,2020yCat.1350....0G,b'    487630139807524864',116.72637,39.044694,filtered_data,sdss,487630139807524864,645
Z 206-38,2020yCat.1350....0G,b'    489768415196637184',118.60366,39.37152,filtered_data,sdss,489768415196637184,646
87GB 075041.9+411738,2020yCat.1350....0G,b'    489881115138484224',118.5386,41.166676,filtered_data,sdss,489881115138484224,647
V* AY Lyn,2020yCat.1350....0G,b'    613712792951744512',120.12455,40.656615,filtered_data,sdss,613712792951744512,648
KUV 07596+4123,2020yCat.1350....0G,b'    613705096370350080',120.74917,41.243902,filtered_data,sdss,613705096370350080,649
7C 080533.60+410130.00,2020A&A...644A.159C,b'    613764744876156928',122.23603,40.879144,filtered_data,sdss,613764744876156928,650
[VV2006] J075739.5+415319,2020yCat.1350....0G,b'    492085360973604864',119.41429,41.888728,filtered_data,sdss,492085360973604864,651
Z 206-33,2020yCat.1350....0G,b'    488781603561039872',117.89846,42.880109,filtered_data,sdss,488781603561039872,652
Z 206-30,2020yCat.1350....0G,b'    488769783811041280',117.41249,42.967067,filtered_data,sdss,488769783811041280,653
Z 235-46,2020yCat.1350....0G,b'   1954737111831701504',117.1443,44.688276,filtered_data,sdss,1954737111831701504,654
Z 236-15,2020yCat.1350....0G,b'    491022683102799872',119.16818,44.869815,filtered_data,sdss,491022683102799872,655
2MASS J07461919+4447078,2020yCat.1350....0G,b'   1954723093058447360',116.57996,44.78552,filtered_data,sdss,1954723093058447360,656
Z 235-32,2020yCat.1350....0G,b'   1954672515523569664',115.78659,45.359771,filtered_data,sdss,1954672515523569664,657
SDSS J074554.04+454817.1,2020yCat.1350....0G,b'   1955752235992377344',116.47519,45.804753,filtered_data,sdss,1955752235992377344,658
GALEX J081531.7+443710,2020yCat.1350....0G,b'    615963489176938496',123.8823,44.619514,filtered_data,sdss,615963489176938496,659
SDSS J080913.20+461842.9,2020ApJS..249....3A,b'    493147764218161152',122.30493,46.311905,filtered_data,sdss,493147764218161152,660
SLACS SDSS J0808+4706,2009ApJS..182..543A,b'    493296748043724800',122.245,47.110768,filtered_data,sdss,493296748043724800,661
SDSS J082145.27+455923.4,2020yCat.1350....0G,b'    496530961228392448',125.43863,45.989836,filtered_data,sdss,496530961228392448,662
SDSS J082828.18+471737.9,2020yCat.1350....0G,b'    618211990824839168',127.11742,47.293869,filtered_data,sdss,618211990824839168,663
PG 0812+482,2020yCat.1350....0G,b'    496631016786520064',124.03296,48.063811,filtered_data,sdss,496631016786520064,664
[VV2006] J081024.7+480616,2020yCat.1350....0G,b'    493313515596048384',122.60311,48.104293,filtered_data,sdss,493313515596048384,665
SDSS J075712.46+460525.5,2020yCat.1350....0G,b'    491018559934195712',119.30192,46.090437,filtered_data,sdss,491018559934195712,666
QSO J0801+4725,2020yCat.1350....0G,b'    493253317334427648',120.407,47.424503,filtered_data,sdss,493253317334427648,667
ATO J120.3831+47.6044,2020yCat.1350....0G,b'    493249743921637376',120.38319,47.604457,filtered_data,sdss,493249743921637376,668
LEDA 3521893,2020yCat.1350....0G,b'   2003021066074613760',119.49885,47.977835,filtered_data,sdss,2003021066074613760,669
7C 074639.89+482229.00,2020A&A...644A.159C,b'   2003063672150190080',117.58514,48.248213,filtered_data,sdss,2003063672150190080,670
NPM1G +50.0111,2020yCat.1350....0G,b'   2004164833062184960',121.14795,50.708567,filtered_data,sdss,2004164833062184960,671
ICRF J084734.2+460928,2020A&A...644A.159C,b'    859204328051730432',131.89289,46.157773,filtered_data,sdss,859204328051730432,672
US 1518,2020yCat.1350....0G,b'    619287587705612288',130.73904,47.561825,filtered_data,sdss,619287587705612288,673
SDSS J083440.05+480540.8,2020yCat.1350....0G,b'    618241952516696064',128.66687,48.094686,filtered_data,sdss,618241952516696064,674
QSO B0837+497,2020yCat.1350....0G,b'    501038134352439296',130.28372,49.553811,filtered_data,sdss,501038134352439296,675
MCG+08-17-009,2020yCat.1350....0G,b'    620380777711953920',134.9658,49.769649,filtered_data,sdss,620380777711953920,676
SDSS J090938.69+513615.1,2020yCat.1350....0G,b'    622685079306528768',137.41125,51.604207,filtered_data,sdss,622685079306528768,677
[VV2006] J085227.3+504510,2020yCat.1350....0G,b'    620483582049150976',133.11369,50.753001,filtered_data,sdss,620483582049150976,678
RX J0930.6+4950,2020yCat.1350....0G,b'   1014511726676174848',142.65655,49.840451,filtered_data,sdss,1014511726676174848,679
Z 265-31,2020yCat.1350....0G,b'    627203801480194048',146.14572,55.762829,filtered_data,sdss,627203801480194048,680
SDSS J091934.08+524014.0,2020yCat.1350....0G,b'    622791731934423040',139.89205,52.670588,filtered_data,sdss,622791731934423040,681
[VV2006] J093359.4+551550,2020yCat.1350....0G,b'    625025669163673600',143.49727,55.264096,filtered_data,sdss,625025669163673600,682
NGC  2895,2015ApJS..219...12A,b'    508960391146006528',143.10436,57.482897,filtered_data,sdss,508960391146006528,683
[VV2006] J083205.9+524358,2020yCat.1350....0G,b'    499947693863364608',128.02479,52.733129,filtered_data,sdss,499947693863364608,684
GALEX J083317.3+531335,2020yCat.1350....0G,b'    500032631136610304',128.32251,53.226541,filtered_data,sdss,500032631136610304,685
Z 264-8,2020yCat.1350....0G,b'    503395762227406848',131.23118,52.484151,filtered_data,sdss,503395762227406848,686
SDSS J081421.69+522410.0,2020yCat.1350....0G,b'   2005267371819821056',123.59037,52.402799,filtered_data,sdss,2005267371819821056,687
2MASS J08145606+5325335,2020yCat.1350....0G,b'   2005349835191904256',123.73371,53.425999,filtered_data,sdss,2005349835191904256,688
SDSS J082509.39+541634.8,2020ApJS..249....3A,b'   2006384750545102848',126.28913,54.276353,filtered_data,sdss,2006384750545102848,689
6C 083326+583448,2020A&A...644A.159C,b'   2008716008965040128',129.34342,58.417176,filtered_data,sdss,2008716008965040128,690
MCG+10-12-135,2020yCat.1350....0G,b'   2108835338968393728',126.06978,57.288337,filtered_data,sdss,2108835338968393728,691
2MASX J08170554+5701106,2020yCat.1350....0G,b'   2108880418945132544',124.27302,57.01968,filtered_data,sdss,2108880418945132544,692
LEDA 3095851,2020yCat.1350....0G,b'    506767415154075648',136.55738,56.170891,filtered_data,sdss,506767415154075648,693
IC  522,2020yCat.1350....0G,b'    504526335444543488',133.64549,57.166712,filtered_data,sdss,504526335444543488,694
SBSG 0924+606B,2020yCat.1350....0G,b'    546200575067318272',142.15825,60.422503,filtered_data,sdss,546200575067318272,695
LEDA 2599651,2009ApJS..182..543A,b'    546160168014997504',138.51321,60.238031,filtered_data,sdss,546160168014997504,696
QSO B0835+583,2020yCat.1350....0G,b'   2008740198220851200',129.86973,58.142329,filtered_data,sdss,2008740198220851200,697
GMBCG 129.95605+62.41001,2010ApJS..191..254H,b'   2111170427056318464',129.95605,62.410015,filtered_data,sdss,2111170427056318464,698
6C 095253+580808,2020A&A...644A.159C,b'    627296710212741120',149.09434,57.898868,filtered_data,sdss,627296710212741120,699
Z 290-26,2020yCat.1350....0G,b'    629439934310148096',154.8347,58.503548,filtered_data,sdss,629439934310148096,700
GALEX J105331.3+634720,2020yCat.1350....0G,b'   3244976098135533568',163.38107,63.789135,filtered_data,sdss,3244976098135533568,701
[VV96] J114343.2+674456,2020yCat.1350....0G,b'    554075827873015808',175.92957,67.748768,filtered_data,sdss,554075827873015808,702
2MASX J11432955+6801060,2020yCat.1350....0G,b'    554064008123017216',175.87294,68.018498,filtered_data,sdss,554064008123017216,703
Z 313-29,2015ApJS..219...12A,b'    550605768756324352',159.38328,65.018281,filtered_data,sdss,550605768756324352,704
LEDA 2678199,2020yCat.1350....0G,b'    550703900169103360',159.94184,65.51753,filtered_data,sdss,550703900169103360,705
[VV2006] J094420.4+613549,2020yCat.1350....0G,b'    547325375479310336',146.08515,61.597263,filtered_data,sdss,547325375479310336,706
LEDA  139184,2020yCat.1350....0G,b'   2113347460263864320',140.10027,65.446825,filtered_data,sdss,2113347460263864320,707
2MASX J09575586+6848551,2020yCat.1350....0G,b'   2115708386841487360',149.48303,68.815209,filtered_data,sdss,2115708386841487360,708
[PR95] 50084,2020yCat.1350....0G,b'   2115705088306604032',149.20659,68.963774,filtered_data,sdss,2115705088306604032,709
[HSG2019] 10584-4.1,2020yCat.1350....0G,b'   2115698491236837376',148.72498,69.173025,filtered_data,sdss,2115698491236837376,710
NGC  5814,2020yCat.1350....0G,b'    606913409941792768',225.33809,1.6370643,filtered_data,sdss,606913409941792768,711
V* FV Vir,2020yCat.1350....0G,b'    606990925511550976',225.49038,1.8359361,filtered_data,sdss,606990925511550976,712
LEDA 3350778,2009ApJS..182..543A,b'    606966736255739904',225.13762,2.2303162,filtered_data,sdss,606966736255739904,713
LEDA 3360075,2020ApJS..249....3A,b'    663259808090056704',224.92552,4.0883945,filtered_data,sdss,663259808090056704,714
Z  49-98,2020yCat.1350....0G,b'    665530573925672960',229.34568,4.2135935,filtered_data,sdss,665530573925672960,715
[VV2006] J151505.2+041012,2020yCat.1350....0G,b'    665506659547768832',228.77137,4.1700464,filtered_data,sdss,665506659547768832,716
2MASX J15180915+0433468,2020yCat.1350....0G,b'   2063782852100646912',229.53823,4.5630345,filtered_data,sdss,2063782852100646912,717
Z  48-115,2020yCat.1350....0G,b'    663185591055181824',226.48565,3.7073082,filtered_data,sdss,663185591055181824,718
LEDA 1270205,2020yCat.1350....0G,b'    664382134617663488',227.26758,4.5782747,filtered_data,sdss,664382134617663488,719
SDSS J145729.62+042655.7,2020yCat.1350....0G,b'    662200428468922368',224.37346,4.4488335,filtered_data,sdss,662200428468922368,720
[MAG2004] 44,2020yCat.1350....0G,b'   2060416972113340416',224.36239,5.2676137,filtered_data,sdss,2060416972113340416,721
SDSS J145027.61+063713.3,2020ApJS..249....3A,b'   2059441962292897792',222.61506,6.6203713,filtered_data,sdss,2059441962292897792,722
Z  48-18,2020yCat.1350....0G,b'   2059441137659176960',222.15775,6.8145979,filtered_data,sdss,2059441137659176960,723
2MASX J14572815+0550375,2020yCat.1350....0G,b'   2060556884967974912',224.3674,5.8439049,filtered_data,sdss,2060556884967974912,724
Z  48-89,2020yCat.1350....0G,b'   2061629458510538752',225.11498,6.4547468,filtered_data,sdss,2061629458510538752,725
QSO J1509+0702,2020yCat.1350....0G,b'   2045833312865380352',227.36788,7.0432724,filtered_data,sdss,2045833312865380352,726
NGC  5790,2020yCat.1350....0G,b'   2043606527494875136',224.39922,8.2852725,filtered_data,sdss,2043606527494875136,727
QSO J1519+0627A,2020yCat.1350....0G,b'   2046926513844021248',229.9469,6.4647095,filtered_data,sdss,2046926513844021248,728
Z  49-73,2020yCat.1350....0G,b'   2063917267397142528',228.76018,6.5895529,filtered_data,sdss,2063917267397142528,729
2MASS J15213179+0748518,2020ApJS..249....3A,b'   2047032616716101632',230.38253,7.8144342,filtered_data,sdss,2047032616716101632,730
LEDA 3098102,2020yCat.1350....0G,b'   1937715310949853184',230.79793,8.5524167,filtered_data,sdss,1937715310949853184,731
2MASX J15230354+0838350,2020ApJS..249....3A,b'   1937810968461469696',230.76492,8.6431606,filtered_data,sdss,1937810968461469696,732
Z  77-110,2020yCat.1350....0G,b'   1937788428473100288',230.89686,9.346151,filtered_data,sdss,1937788428473100288,733
LEDA 1356939,2020ApJS..249....3A,b'   1940014390568839168',231.57883,8.955847,filtered_data,sdss,1940014390568839168,734
SDSS J150441.76+084752.6,2020yCat.1350....0G,b'   1933241673450547200',226.17401,8.7979586,filtered_data,sdss,1933241673450547200,735
2MASS J15243003+1030316,2020yCat.1350....0G,b'   1936569344905472000',231.12523,10.508883,filtered_data,sdss,1936569344905472000,736
PG 1522+122,2020yCat.1350....0G,b'   3099618732369012736',231.1135,12.035446,filtered_data,sdss,3099618732369012736,737
SDSS J151846.49+122203.9,2017yCat.2349....0C,b'   3099666286246914048',229.69374,12.367753,filtered_data,sdss,3099666286246914048,738
[ITS2007] 53531-1827-503,2020yCat.1350....0G,b'   2057157452629043200',217.44586,6.7263792,filtered_data,sdss,2057157452629043200,739
ICRF J145344.2+102557,2020A&A...644A.159C,b'   1928828782592944128',223.43433,10.432662,filtered_data,sdss,1928828782592944128,740
Z  76-38,2020yCat.1350....0G,b'   1927554993406109696',221.77634,11.593803,filtered_data,sdss,1927554993406109696,741
NGC  5736,2020yCat.1350....0G,b'   1927596499970058240',220.87836,11.202693,filtered_data,sdss,1927596499970058240,742
LEDA 4444652,2012ApJS..203...21A,b'   1932055299464652800',225.55905,10.645446,filtered_data,sdss,1932055299464652800,743
Z  77-7,2015ApJS..219...12A,b'   3097354563200509952',226.69326,12.850306,filtered_data,sdss,3097354563200509952,744
LEDA 1416112,2020ApJS..249....3A,b'   3097365558316787712',226.33709,12.784322,filtered_data,sdss,3097365558316787712,745
Z  76-26,2020yCat.1350....0G,b'   1927710574301440000',221.58905,13.020972,filtered_data,sdss,1927710574301440000,746
LEDA  166857,2020yCat.1350....0G,b'   3126695311083333632',222.21261,16.832064,filtered_data,sdss,3126695311083333632,747
PG 1458+172,2020yCat.1350....0G,b'   3128963878214461440',225.08057,16.987338,filtered_data,sdss,3128963878214461440,748
LEDA 1527482,2015ApJS..219...12A,b'   3126660401589151744',222.73104,17.218187,filtered_data,sdss,3126660401589151744,749
LEDA 1372615,2020ApJS..249....3A,b'   1942326119822813184',236.07094,9.9621934,filtered_data,sdss,1942326119822813184,750
Z  78-63,2009ApJS..182..543A,b'   2836148264200333312',236.43319,12.510576,filtered_data,sdss,2836148264200333312,751
LEDA 1445026,2020yCat.1350....0G,b'   3116643021177776128',234.01872,13.950954,filtered_data,sdss,3116643021177776128,752
Z  78-43,2020yCat.1350....0G,b'   3132258290801600512',234.96123,14.187396,filtered_data,sdss,3132258290801600512,753
Z 107-10,2020yCat.1350....0G,b'   3132298422976014336',233.96878,14.517719,filtered_data,sdss,3132298422976014336,754
LEDA 1505620,2020ApJS..249....3A,b'   2835113068516632576',236.13116,16.303904,filtered_data,sdss,2835113068516632576,755
Z 107-31,2020yCat.1350....0G,b'   2439946659409455104',235.99541,19.211524,filtered_data,sdss,2439946659409455104,756
IC 1165,2020yCat.1350....0G,b'   2472532879565940736',240.53346,15.696548,filtered_data,sdss,2472532879565940736,757
QSO J1613+1708,2020ApJS..249....3A,b'   2478196195290277888',243.3334,17.144235,filtered_data,sdss,2478196195290277888,758
LEDA 1514680,2009ApJS..182..543A,b'   2477053252466665472',241.05989,16.690159,filtered_data,sdss,2477053252466665472,759
PG 1600+171,2020yCat.1350....0G,b'   2477064797338757120',240.76697,16.9983,filtered_data,sdss,2477064797338757120,760
4C 17.65,2020yCat.1350....0G,b'   2475912503800915968',240.33477,17.237829,filtered_data,sdss,2475912503800915968,761
IC 1162,2020yCat.1350....0G,b'   2472587305391515648',240.31806,17.67782,filtered_data,sdss,2472587305391515648,762
NGC  6061,2007ApJ...658..203H,b'   2476017232283461632',241.56679,18.249955,filtered_data,sdss,2476017232283461632,763
Z 108-162,2020yCat.1350....0G,b'   2483808100809730048',242.62335,19.954245,filtered_data,sdss,2483808100809730048,764
2MASX J16203424+2112087,2020yCat.1350....0G,b'   2086313477927888896',245.14275,21.202538,filtered_data,sdss,2086313477927888896,765
Z 107-57,2020yCat.1350....0G,b'   2445511018600753152',238.61188,18.525506,filtered_data,sdss,2445511018600753152,766
SDSS J155957.01+193112.8,2012ApJS..203...21A,b'   2445617121472833536',239.98759,19.520248,filtered_data,sdss,2445617121472833536,767
NGC  6004,2020yCat.1350....0G,b'   2445531084687960064',237.59468,18.939276,filtered_data,sdss,2445531084687960064,768
Z 108-13,2020yCat.1350....0G,b'   2445624268298414080',239.14032,20.052369,filtered_data,sdss,2445624268298414080,769
[VV98] J161508.3+214625,2020yCat.1350....0G,b'   2086408310805784576',243.78464,21.77358,filtered_data,sdss,2086408310805784576,770
Z 137-64,2020yCat.1350....0G,b'   1865695644409161728',243.44182,22.919001,filtered_data,sdss,1865695644409161728,771
LEDA 1658319,2020ApJS..249....3A,b'   2444349098397034496',239.66526,21.838112,filtered_data,sdss,2444349098397034496,772
[VV2010c] J152534.6+174900,2020yCat.1350....0G,b'   3145814443615610880',231.39409,17.816672,filtered_data,sdss,3145814443615610880,773
SN 2021cky,2022ApJ...924..121A,b'   3130167019098368000',229.39751,18.11808,filtered_data,sdss,3130167019098368000,774
CRTS J152758.9+190751,2020yCat.1350....0G,b'   3145931816481875968',231.99543,19.131023,filtered_data,sdss,3145931816481875968,775
2MASX J15393739+2150249,2020yCat.1350....0G,b'   2438812518919989248',234.9059,21.840131,filtered_data,sdss,2438812518919989248,776
IC 4554,2020yCat.1350....0G,b'   2437647306187630592',233.77013,23.47929,filtered_data,sdss,2437647306187630592,777
2MASX J15381724+2544534,2012ApJS..203...21A,b'   2081850839806273536',234.57193,25.748255,filtered_data,sdss,2081850839806273536,778
LEDA 4477327,2020ApJS..249....3A,b'   2083007250154153984',236.63311,25.429328,filtered_data,sdss,2083007250154153984,779
NVSS J155207+273501,2020yCat.1350....0G,b'   1862385564284643328',238.03282,27.583781,filtered_data,sdss,1862385564284643328,780
NVSS J155257+273946,2020yCat.1350....0G,b'   1862404805738129408',238.23869,27.663303,filtered_data,sdss,1862404805738129408,781
SDSS J154250.44+274952.9,2020yCat.1350....0G,b'   1861165106981791744',235.71021,27.831356,filtered_data,sdss,1861165106981791744,782
Z 166-44,2020yCat.1350....0G,b'   1861253342789920768',235.94191,28.415229,filtered_data,sdss,1861253342789920768,783
Z  74-152,2020yCat.1350....0G,b'   1919659955481241600',213.94145,10.438857,filtered_data,sdss,1919659955481241600,784
PG 1413+114,2020yCat.1350....0G,b'   1919833678318430208',213.9544,11.20386,filtered_data,sdss,1919833678318430208,785
NGC  5456,2020yCat.1350....0G,b'   1917546143554758656',211.24537,11.87163,filtered_data,sdss,1917546143554758656,786
NGC  5587,2020yCat.1350....0G,b'   3091744304935233536',215.54464,13.918064,filtered_data,sdss,3091744304935233536,787
NGC  5459,2020yCat.1350....0G,b'   1918579399188310016',211.25079,13.131891,filtered_data,sdss,1918579399188310016,788
MCG+03-36-098,2009ApJS..182..543A,b'   3090764090302294016',213.91702,16.549748,filtered_data,sdss,3090764090302294016,789
ICRF J144635.3+172107,2020A&A...644A.159C,b'   3110961298901329920',221.64729,17.352108,filtered_data,sdss,3110961298901329920,790
MCG+03-38-020,2020yCat.1350....0G,b'   3126715102292633600',221.98186,19.057374,filtered_data,sdss,3126715102292633600,791
MCG+03-38-017,2020yCat.1350....0G,b'   3141327062086739968',221.97245,19.077089,filtered_data,sdss,3141327062086739968,792
Mrk  813,2020yCat.1350....0G,b'   3123364615149348864',216.85438,19.831181,filtered_data,sdss,3123364615149348864,793
Z 133-84,2009ApJS..182..543A,b'   2404988230333130752',218.11028,23.278953,filtered_data,sdss,2404988230333130752,794
Z 103-30,2020yCat.1350....0G,b'   3104193804865923072',209.55472,17.53108,filtered_data,sdss,3104193804865923072,795
NGC  5332,2020yCat.1350....0G,b'   3087387490126948352',208.033,16.969743,filtered_data,sdss,3087387490126948352,796
PB  4115,2020yCat.1350....0G,b'   3087382817202530304',207.82745,17.32886,filtered_data,sdss,3087382817202530304,797
AT 2018bfw,2018ATel11615....1F,b'   3101872186030319616',207.55104,18.216352,filtered_data,sdss,3101872186030319616,798
LEDA 1584880,2020yCat.1350....0G,b'   2974769736757307392',205.64298,19.227495,filtered_data,sdss,2974769736757307392,799
[VV2010] J134820.5+194831,2020yCat.1350....0G,b'   3117691135032584192',207.08512,19.808775,filtered_data,sdss,3117691135032584192,800
2MASX J13340326+2015225,2020yCat.1350....0G,b'   2973645760962258944',203.51374,20.256178,filtered_data,sdss,2973645760962258944,801
2MASS J13555019+2046144,2020yCat.1350....0G,b'   3118861839753046016',208.95919,20.770705,filtered_data,sdss,3118861839753046016,802
2MASS J13563279+2103523,2020yCat.1350....0G,b'   3117620216532592640',209.13666,21.064555,filtered_data,sdss,3117620216532592640,803
[RNB2011] J135646,2020yCat.1350....0G,b'   3134606021947844608',209.1929,22.911272,filtered_data,sdss,3134606021947844608,804
2MASS J13521850+2247089,2020yCat.1350....0G,b'   3133424321742006272',208.07708,22.785821,filtered_data,sdss,3133424321742006272,805
[VV2000] J141624.6+231614,2020yCat.1350....0G,b'   3136880636812355584',214.1028,23.270699,filtered_data,sdss,3136880636812355584,806
7C 1414+2331,2020yCat.1350....0G,b'   2395949150375012352',214.32457,23.288942,filtered_data,sdss,2395949150375012352,807
[VV96] J142257.7+225441,2015ApJS..219...12A,b'   3136924892155373568',215.74053,22.911507,filtered_data,sdss,3136924892155373568,808
LEDA 1713523,2020yCat.1350....0G,b'   2405032485676148736',217.89417,24.681559,filtered_data,sdss,2405032485676148736,809
LEDA 1725003,2020ApJS..249....3A,b'   2396072020799416320',214.61245,25.084286,filtered_data,sdss,2396072020799416320,810
LEDA 1770866,2020ApJS..249....3A,b'   2399427455728248832',216.02795,26.299474,filtered_data,sdss,2399427455728248832,811
NGC  5008,2020yCat.1350....0G,b'   2391554951651289088',212.73849,25.497223,filtered_data,sdss,2391554951651289088,812
LINEAR 11464031,2020yCat.1350....0G,b'   2398295234669733888',215.12951,28.523781,filtered_data,sdss,2398295234669733888,813
LEDA 1661306,2020ApJS..249....3A,b'   2424154929074563072',226.12768,21.987774,filtered_data,sdss,2424154929074563072,814
[BB92] 1505+2715A,2012ApJS..203...21A,b'   2425254171310581760',226.72565,27.051436,filtered_data,sdss,2425254171310581760,815
IC 4533,2020yCat.1350....0G,b'   2425282758612903936',226.12641,27.792853,filtered_data,sdss,2425282758612903936,816
2MASS J15165000+2636369,2020yCat.1350....0G,b'   2428607676792465408',229.20836,26.610301,filtered_data,sdss,2428607676792465408,817
LEDA   55126,2020yCat.1350....0G,b'   2079702674499987456',231.80618,28.765902,filtered_data,sdss,2079702674499987456,818
LEDA 3849024,2020yCat.1350....0G,b'   2080815930090219520',233.46207,27.458216,filtered_data,sdss,2080815930090219520,819
Z 165-65,2020yCat.1350....0G,b'   1859031228246681600',232.41911,30.485929,filtered_data,sdss,1859031228246681600,820
LEDA 1841447,2020yCat.1350....0G,b'   2078509979211425792',229.20474,28.632987,filtered_data,sdss,2078509979211425792,821
RX J1516.7+2918,2020yCat.1350....0G,b'   2077449499759896576',229.1733,29.302575,filtered_data,sdss,2077449499759896576,822
Z 165-27,2020yCat.1350....0G,b'   1855490521380710400',227.53687,31.887826,filtered_data,sdss,1855490521380710400,823
CLS  89,2020yCat.1350....0G,b'   1562871443694315520',232.61695,32.722783,filtered_data,sdss,1562871443694315520,824
IC 4542,2020yCat.1350....0G,b'   1560507218766358528',230.52248,33.148595,filtered_data,sdss,1560507218766358528,825
IC 4479,2020yCat.1350....0G,b'   2406172416301623296',219.69126,28.505444,filtered_data,sdss,2406172416301623296,826
7C 142632.60+293227.00,2020yCat.1350....0G,b'   2401602016494249984',217.18229,29.318038,filtered_data,sdss,2401602016494249984,827
LEDA 1862354,2020yCat.1350....0G,b'   2401602566250063872',217.08017,29.312278,filtered_data,sdss,2401602566250063872,828
Z 163-59,2020MNRAS.494.1784A,b'   2401662214755870720',217.16235,30.634507,filtered_data,sdss,2401662214755870720,829
2MASX J14323249+3406257,2020yCat.1350....0G,b'   1852174394328115200',218.13542,34.10705,filtered_data,sdss,1852174394328115200,830
LEDA  101527,2012ApJS..203...21A,b'   1575216211384363008',227.39239,37.529476,filtered_data,sdss,1575216211384363008,831
Mrk  884,2020ApJS..249....3A,b'   1867931221460281344',247.95317,20.410768,filtered_data,sdss,1867931221460281344,832
CRTS J163236.2+210722,2020yCat.1350....0G,b'   1867996917280040960',248.15132,21.122796,filtered_data,sdss,1867996917280040960,833
SDSS J164016.17+224658.2,2020yCat.1350....0G,b'   1768952359255304192',250.06741,22.78286,filtered_data,sdss,1768952359255304192,834
[VV2006] J164125.2+225704,2020A&A...644A.159C,b'   1768963079493675008',250.35512,22.951119,filtered_data,sdss,1768963079493675008,835
LEDA 1674342,2020yCat.1350....0G,b'   1865673654176606208',244.03537,22.685408,filtered_data,sdss,1865673654176606208,836
SDSS J161842.44+234131.7,2020yCat.1350....0G,b'   1865791576798685184',244.67685,23.692142,filtered_data,sdss,1865791576798685184,837
NGC  6075,2020yCat.1350....0G,b'   1865733852438226944',242.8441,23.965002,filtered_data,sdss,1865733852438226944,838
2MASS J16113384+2429072,2020yCat.1350....0G,b'   1864496627197175808',242.89097,24.485399,filtered_data,sdss,1864496627197175808,839
Z 138-1,2020yCat.1350....0G,b'   1773442770095073280',245.44196,25.82069,filtered_data,sdss,1773442770095073280,840
LEDA 1746115,2020yCat.1350....0G,b'   1773386969879963648',243.61919,25.694084,filtered_data,sdss,1773386969879963648,841
LEDA 1734984,2020yCat.1350....0G,b'   1772327865019295744',247.02838,25.395416,filtered_data,sdss,1772327865019295744,842
IC 4630,2020yCat.1350....0G,b'   1903937204216948736',253.78991,26.662915,filtered_data,sdss,1903937204216948736,843
V* V1247 Her,2020yCat.1350....0G,b'   1100114750336952320',257.93785,30.222219,filtered_data,sdss,1100114750336952320,844
Z 169-41,2020yCat.1350....0G,b'   1097799178865633280',256.72796,30.269759,filtered_data,sdss,1097799178865633280,845
V* V596 Her,2020yCat.1350....0G,b'   1897186481106085888',248.14246,30.343991,filtered_data,sdss,1897186481106085888,846
NGC  6092,2020yCat.1350....0G,b'   1775592865116743680',243.19553,27.987332,filtered_data,sdss,1775592865116743680,847
Z 167-21,2020yCat.1350....0G,b'   1776727836011292672',241.20373,28.09553,filtered_data,sdss,1776727836011292672,848
Ton  805,2020yCat.1350....0G,b'   1565033358818306048',238.17145,28.868752,filtered_data,sdss,1565033358818306048,849
Z 167-11,2020yCat.1350....0G,b'   1777969184253175808',240.12905,30.385073,filtered_data,sdss,1777969184253175808,850
SDSS J160938.01+312958.5,2012ApJS..203...21A,b'   1582054893026306048',242.40836,31.499594,filtered_data,sdss,1582054893026306048,851
2MASS J16104773+3303374,2020yCat.1350....0G,b'   1597803753161910272',242.69887,33.060416,filtered_data,sdss,1597803753161910272,852
Z 195-13,2020yCat.1350....0G,b'   1597735033685174272',241.39436,32.661363,filtered_data,sdss,1597735033685174272,853
Z 197-13,2020yCat.1350....0G,b'    922182982620440576',252.07306,35.900154,filtered_data,sdss,922182982620440576,854
ZwCl 1615+3505,2020ApJS..246....2A,b'   1190185920129689600',244.3978,35.062466,filtered_data,sdss,1190185920129689600,855
LEDA 2092211,2020yCat.1350....0G,b'   1505351861371168768',245.45222,37.060806,filtered_data,sdss,1505351861371168768,856
AT 2019riy,2019ATel13147....1B,b'   1505382922574653440',245.03969,37.798211,filtered_data,sdss,1505382922574653440,857
[VV2006] J163306.2+401747,2020yCat.1350....0G,b'    919983684017219584',248.27552,40.296531,filtered_data,sdss,919983684017219584,858
NGC  6174,2020yCat.1350....0G,b'    919959219883501568',247.44864,40.871998,filtered_data,sdss,919959219883501568,859
Z 170-11,2020yCat.1350....0G,b'   1101287929763883008',259.21743,31.584129,filtered_data,sdss,1101287929763883008,860
Z 198-12,2020yCat.1350....0G,b'   3346243044675446784',257.38367,34.427033,filtered_data,sdss,3346243044675446784,861
LEDA 2099456,2020yCat.1350....0G,b'    923403166135904256',255.35005,37.382811,filtered_data,sdss,923403166135904256,862
LAMOST J170333.23+373102.3,2020yCat.1350....0G,b'   3345152878963615744',255.88848,37.517327,filtered_data,sdss,3345152878963615744,863
Z 197-35,2020yCat.1350....0G,b'    712698249324029952',256.61881,38.363523,filtered_data,sdss,712698249324029952,864
QSO J1659+373,2020yCat.1350....0G,b'    923396019310323712',254.88303,37.591325,filtered_data,sdss,923396019310323712,865
Z 224-87,2020yCat.1350....0G,b'    919868510174210048',250.11672,39.320139,filtered_data,sdss,919868510174210048,866
LEDA 2172102,2020yCat.1350....0G,b'    920033986674190336',249.38086,40.865435,filtered_data,sdss,920033986674190336,867
ACO  2211,2015MNRAS.449.2345P,b'    920002375714891776',248.51351,40.932323,filtered_data,sdss,920002375714891776,868
[VV96] J163531.2+410024,2020yCat.1350....0G,b'    918734638774511616',248.87942,41.007616,filtered_data,sdss,918734638774511616,869
V* V851 Her,2020yCat.1350....0G,b'    920013095953262592',248.89113,41.113783,filtered_data,sdss,920013095953262592,870
LEDA 2085703,2020ApJS..249....3A,b'   1893888216235272192',240.53713,36.720508,filtered_data,sdss,1893888216235272192,871
7C 153145.10+355442.00,2020yCat.1350....0G,b'   1577429527821314048',233.41841,35.739277,filtered_data,sdss,1577429527821314048,872
QSO J1550+4001,2020yCat.1350....0G,b'   1186783481296873472',237.70125,40.02914,filtered_data,sdss,1186783481296873472,873
Z 223-40,2020yCat.1350....0G,b'   1503228430496327680',241.82338,41.403621,filtered_data,sdss,1503228430496327680,874
NGC  6159,2020yCat.1350....0G,b'    917629629504710656',246.85514,42.679712,filtered_data,sdss,917629629504710656,875
Z 223-48,2020yCat.1350....0G,b'   1503086043740530688',242.68257,41.148557,filtered_data,sdss,1503086043740530688,876
NGC  6013,2020ApJS..249....3A,b'   1186801898116638720',238.22016,40.646728,filtered_data,sdss,1186801898116638720,877
LEDA   99941,2020yCat.1350....0G,b'   1503180326862612480',240.28712,41.880752,filtered_data,sdss,1503180326862612480,878
SDSS J155037.27+405440.0,2020yCat.1350....0G,b'   1185576491602176000',237.6553,40.911099,filtered_data,sdss,1185576491602176000,879
2MASX J16121963+4629430,2020yCat.1350....0G,b'    916596364610136064',243.08151,46.495172,filtered_data,sdss,916596364610136064,880
QSO B1611+4719,2020yCat.1350....0G,b'    702652016580651008',243.16636,47.199373,filtered_data,sdss,702652016580651008,881
[VV2006] J161425.1+464029,2009A&A...505..385A,b'    702642670731814912',243.60473,46.674706,filtered_data,sdss,702642670731814912,882
QSO J1523+3759,2020yCat.1350....0G,b'   1576383622854764544',230.81038,37.991372,filtered_data,sdss,1576383622854764544,883
2MASX J15314297+4051535,2020yCat.1350....0G,b'   1890435749321402368',232.92903,40.864898,filtered_data,sdss,1890435749321402368,884
LEDA   84667,2020yCat.1350....0G,b'   1184524533818746880',233.23189,42.438219,filtered_data,sdss,1184524533818746880,885
IC 4562A,2020yCat.1350....0G,b'   1184587205981530112',234.01164,43.503461,filtered_data,sdss,1184587205981530112,886
NGC  5886,2020yCat.1350....0G,b'   1453557991268706304',228.18936,41.233585,filtered_data,sdss,1453557991268706304,887
NGC  5888,2020yCat.1350....0G,b'   1454766904269891584',228.28072,41.264633,filtered_data,sdss,1454766904269891584,888
LEDA 2324707,2020yCat.1350....0G,b'    914327245961586688',236.36085,48.748285,filtered_data,sdss,914327245961586688,889
LEDA 2429550,2020ApJS..249....3A,b'    699240776353212416',240.79696,53.013045,filtered_data,sdss,699240776353212416,890
MCG+07-34-077,2020yCat.1350....0G,b'    918872352605890560',247.21693,42.812007,filtered_data,sdss,918872352605890560,891
2MASS J16282916+4329483,2020yCat.1350....0G,b'    704897213955860480',247.12158,43.496824,filtered_data,sdss,704897213955860480,892
NVSS J163032+453426,2012ApJS..203...21A,b'    704964559043061760',247.63671,45.573981,filtered_data,sdss,704964559043061760,893
[VV2006] J173352.2+540030,2020yCat.1350....0G,b'    407637647343773696',263.46764,54.008476,filtered_data,sdss,407637647343773696,894
GALEX J172406.0+562004,2020yCat.1350....0G,b'    413360330454886400',261.02559,56.33419,filtered_data,sdss,413360330454886400,895
MCG+10-25-075,2020yCat.1350....0G,b'    403241521941342208',264.68029,57.239208,filtered_data,sdss,403241521941342208,896
6C 171719+564300,2020yCat.1350....0G,b'    399720885205886976',259.54977,56.665596,filtered_data,sdss,399720885205886976,897
Z 299-63,2020yCat.1350....0G,b'    399745074461698048',258.65688,57.305439,filtered_data,sdss,399745074461698048,898
LEDA 2566860,2020yCat.1350....0G,b'    399813519060527104',258.02759,57.503987,filtered_data,sdss,399813519060527104,899
[BS61] 578,2020yCat.1350....0G,b'    412159664092899328',260.1618,57.992875,filtered_data,sdss,412159664092899328,900
7C 1721+5859,2020A&A...644A.159C,b'    412197322366150656',260.65302,58.939519,filtered_data,sdss,412197322366150656,901
[VV2006] J172750.7+575112,2020yCat.1350....0G,b'    403173352220420096',261.96126,57.853581,filtered_data,sdss,403173352220420096,902
NGC  6391,2020ApJS..249....3A,b'    412222336255682560',262.20413,58.850903,filtered_data,sdss,412222336255682560,903
Z 299-46,2020yCat.1350....0G,b'    395244222053115904',255.59341,61.166534,filtered_data,sdss,395244222053115904,904
Z 299-71,2020ApJS..249....3A,b'    396375069745506304',259.19885,61.920116,filtered_data,sdss,396375069745506304,905
NGP9 F380-1082374,2015ApJS..219...12A,b'   2984769249869850624',200.22361,21.919523,filtered_data,sdss,2984769249869850624,906
BPS BS 16033-0099,2020yCat.1350....0G,b'   2986045782886475776',201.4767,22.547274,filtered_data,sdss,2986045782886475776,907
[VV96] J133531.3+254918,2020yCat.1350....0G,b'   2527677247297447936',203.8798,25.821863,filtered_data,sdss,2527677247297447936,908
LEDA 4369683,2020yCat.1350....0G,b'   2526673936008112128',201.40318,27.737608,filtered_data,sdss,2526673936008112128,909
IC 4283,2018yCat.1345....0G,b'   2227079277147351040',203.04448,28.389117,filtered_data,sdss,2227079277147351040,910
IC 4258,2020yCat.1350....0G,b'   2227096044699674624',201.97193,28.508199,filtered_data,sdss,2227096044699674624,911
SDSS J134842.56+263700.6,2020yCat.1350....0G,b'   2380207992961263616',207.17736,26.616854,filtered_data,sdss,2380207992961263616,912
2MASX J13485355+2639508,2020yCat.1350....0G,b'   2380212665885681664',207.22331,26.664207,filtered_data,sdss,2380212665885681664,913
V* UU CVn,2020yCat.1350....0G,b'   2389223169211787264',210.08839,29.41829,filtered_data,sdss,2389223169211787264,914
LEDA   49623,2020yCat.1350....0G,b'   2382405092172130304',209.2914,29.219567,filtered_data,sdss,2382405092172130304,915
2MASS J13552288+3033248,2020yCat.1350....0G,b'   2382544455270950912',208.84543,30.556863,filtered_data,sdss,2382544455270950912,916
LEDA 1984329,2020yCat.1350....0G,b'   2388081601297803264',210.67587,32.180637,filtered_data,sdss,2388081601297803264,917
[VV2006] J134107.4+283936,2020yCat.1350....0G,b'   2271060017153075200',205.28106,28.659952,filtered_data,sdss,2271060017153075200,918
Z 161-104,2020yCat.1350....0G,b'   2271034178629822464',204.79517,28.959216,filtered_data,sdss,2271034178629822464,919
LEDA 1877944,2020yCat.1350....0G,b'   2271052870327494656',205.49884,29.781553,filtered_data,sdss,2271052870327494656,920
FIRST J133953.9+300646,2015ApJS..219...12A,b'   2357699340723578880',204.9748,30.11284,filtered_data,sdss,2357699340723578880,921
2MASX J13080105+2607124,2020yCat.1350....0G,b'   2524291575194871808',197.00444,26.120059,filtered_data,sdss,2524291575194871808,922
NGC  4859,2020yCat.1350....0G,b'   2523168974091347968',194.75762,26.815667,filtered_data,sdss,2523168974091347968,923
TT 33,2020yCat.1350....0G,b'   2523184092376229888',194.57761,27.310818,filtered_data,sdss,2523184092376229888,924
Mrk   55,2020yCat.1350....0G,b'   2523192613591345152',194.35521,27.404571,filtered_data,sdss,2523192613591345152,925
2MASX J12592491+2744198,2020yCat.1350....0G,b'   2523274527207614464',194.85388,27.738847,filtered_data,sdss,2523274527207614464,926
LEDA  126817,2015ApJS..219...12A,b'   2522156592955156480',194.67746,27.760507,filtered_data,sdss,2522156592955156480,927
NGC  4929,2020yCat.1350....0G,b'   2523309436701796352',195.68499,28.045349,filtered_data,sdss,2523309436701796352,928
LEDA   44809,2020yCat.1350....0G,b'   2522191777327245312',195.17848,27.963107,filtered_data,sdss,2522191777327245312,929
NGC  4907,2020yCat.1350....0G,b'   2523285797201799168',195.20335,28.158341,filtered_data,sdss,2523285797201799168,930
US  142,2020yCat.1350....0G,b'   2264216932079134720',195.33388,28.360338,filtered_data,sdss,2264216932079134720,931
LB    32,2020yCat.1350....0G,b'   2524433961950668800',197.61731,28.143323,filtered_data,sdss,2524433961950668800,932
2MASX J13070825+2838003,2020yCat.1350....0G,b'   2262001148066031616',196.78425,28.633306,filtered_data,sdss,2262001148066031616,933
NGC  4949,2020yCat.1350....0G,b'   2264200439404718080',196.07468,29.029535,filtered_data,sdss,2264200439404718080,934
RX J1326.2+2933,2020yCat.1350....0G,b'   2254223745302423552',201.56246,29.558608,filtered_data,sdss,2254223745302423552,935
LEDA 1976574,2020yCat.1350....0G,b'   2368993249302964224',198.92932,32.026448,filtered_data,sdss,2368993249302964224,936
A2 316,2020yCat.1350....0G,b'   2264213083788437504',195.1189,28.502823,filtered_data,sdss,2264213083788437504,937
LEDA 1846725,2009ApJS..182..543A,b'   2264231500608202752',194.77692,28.811794,filtered_data,sdss,2264231500608202752,938
Z 160-59,2020yCat.1350....0G,b'   2264232600119830528',194.55554,28.948108,filtered_data,sdss,2264232600119830528,939
2MASX J13011953+2911001,2020ApJS..249....3A,b'   2264222704515180544',195.33152,29.183366,filtered_data,sdss,2264222704515180544,940
LB 11408,2020yCat.1350....0G,b'   2245117871153768448',193.32321,31.097406,filtered_data,sdss,2245117871153768448,941
LB  7291,2015ApJS..219...12A,b'   2245159102839810048',193.11618,31.713078,filtered_data,sdss,2245159102839810048,942
NGC  5025,2020yCat.1350....0G,b'   2368990775401801728',198.18648,31.809384,filtered_data,sdss,2368990775401801728,943
[B68b] 382,2020yCat.1350....0G,b'   2269837915431397376',197.31001,34.752925,filtered_data,sdss,2269837915431397376,944
LEDA 1899628,2020ApJS..249....3A,b'   2375674975005730816',202.71322,30.333931,filtered_data,sdss,2375674975005730816,945
SDSS J133146.59+303749.0,2020yCat.1350....0G,b'   2375681022319683584',202.94413,30.630301,filtered_data,sdss,2375681022319683584,946
MCG+06-30-064,2020yCat.1350....0G,b'   2374542203167991808',204.67355,32.308549,filtered_data,sdss,2374542203167991808,947
Z 190-38,2020yCat.1350....0G,b'   2374674969197045760',204.55437,32.822881,filtered_data,sdss,2374674969197045760,948
Z 190-39,2009ApJS..182..543A,b'   2374675518952859648',204.60363,33.117713,filtered_data,sdss,2374675518952859648,949
Z 190-20,2020yCat.1350....0G,b'   2374588107778451456',203.2398,32.605208,filtered_data,sdss,2374588107778451456,950
Z 190-22,2020yCat.1350....0G,b'   2374643633115654144',203.27739,33.15105,filtered_data,sdss,2374643633115654144,951
SDSS J133401.39+331534.3,2009A&A...505..385A,b'   2374627415319144448',203.50583,33.259541,filtered_data,sdss,2374627415319144448,952
SDSS J132247.40+321608.5,2020yCat.1350....0G,b'   2377960585926043648',200.69751,32.269029,filtered_data,sdss,2377960585926043648,953
MCG+06-30-025,2020yCat.1350....0G,b'   2243971354011396096',202.70315,34.640274,filtered_data,sdss,2243971354011396096,954
Z 190-36,2020yCat.1350....0G,b'   2244070310057895936',204.17517,34.746267,filtered_data,sdss,2244070310057895936,955
NGC  5240,2020yCat.1350....0G,b'   2244085428342777856',203.97999,35.588257,filtered_data,sdss,2244085428342777856,956
Z 190-46,2020yCat.1350....0G,b'   2365680695747045376',206.15434,37.171633,filtered_data,sdss,2365680695747045376,957
FIRST J134438.3+371334,2020yCat.1350....0G,b'   2365675473066813440',206.15966,37.226219,filtered_data,sdss,2365675473066813440,958
GMBCG 199.59552+38.43492,2010ApJS..191..254H,b'   2225972068971735040',199.59552,38.434925,filtered_data,sdss,2225972068971735040,959
SDSS J133531.91+374536.1,2020yCat.1350....0G,b'   2365605654078449664',203.88298,37.760038,filtered_data,sdss,2365605654078449664,960
[VV2000] J133542.5+375541,2020yCat.1350....0G,b'   2365607028467984384',203.92709,37.928186,filtered_data,sdss,2365607028467984384,961
Z 192-9,2020yCat.1350....0G,b'   2071715260468848640',215.73055,32.850653,filtered_data,sdss,2071715260468848640,962
2MASS J14314639+3417189,2020yCat.1350....0G,b'   1852171920426952704',217.94333,34.288614,filtered_data,sdss,1852171920426952704,963
[GWM2005] VLBI J142923.6466+352851.431,2005ApJ...619..105G,b'   1852199133339740160',217.34852,35.480941,filtered_data,sdss,1852199133339740160,964
2MASX J14305006+3537344,2020ApJS..249....3A,b'   1852194460415322112',217.70854,35.626285,filtered_data,sdss,1852194460415322112,965
[VV2006] J141840.1+354101,2020yCat.1350....0G,b'   1849869817469757440',214.66702,35.683916,filtered_data,sdss,1849869817469757440,966
87GB 140732.1+361738,2020yCat.1350....0G,b'   1849928916219750400',212.42687,36.071084,filtered_data,sdss,1849928916219750400,967
NGC  5401,2020yCat.1350....0G,b'   1848795319261751296',209.93097,36.238116,filtered_data,sdss,1848795319261751296,968
LEDA 3088226,2011yCat.2306....0A,b'   1555037697721001984',218.03636,38.522943,filtered_data,sdss,1555037697721001984,969
NGC  5772,2020yCat.1350....0G,b'   1572923178995443712',222.91204,40.599183,filtered_data,sdss,1572923178995443712,970
NVSS J144712+404745,2020yCat.1350....0G,b'   1572932249966372864',221.80316,40.795826,filtered_data,sdss,1572932249966372864,971
NGC  5403,2009ApJS..182..543A,b'   1848827479976863744',209.9615,38.182279,filtered_data,sdss,1848827479976863744,972
NGC  5355,2020yCat.1350....0G,b'   1551606121460951040',208.43984,40.338678,filtered_data,sdss,1551606121460951040,973
Z 218-64,2020yCat.1350....0G,b'   1551596775612114944',207.85573,40.213272,filtered_data,sdss,1551596775612114944,974
SDSS J140114.76+441829.4,2020yCat.1350....0G,b'   1651802143104985088',210.31154,44.30818,filtered_data,sdss,1651802143104985088,975
NVSS J134033+401731,2020yCat.1350....0G,b'   1550448610410260480',205.1367,40.294363,filtered_data,sdss,1550448610410260480,976
[VV2006] J134141.4+461109,2015ApJS..219...12A,b'   1649573157603928064',205.42275,46.186194,filtered_data,sdss,1649573157603928064,977
[ESM2017] X2,2017MNRAS.470L..49E,b'   1651836502843353088',211.90487,44.482271,filtered_data,sdss,1651836502843353088,978
NGC  5622,2006AJ....131.1163S,b'   1883755121922304000',216.5508,48.564001,filtered_data,sdss,1883755121922304000,979
SDSS J141018.53+482510.8,2020ApJS..249....3A,b'   1881379901659965440',212.57723,48.419686,filtered_data,sdss,1881379901659965440,980
LEDA 2800847,2015ApJS..219...12A,b'   1447984566609405952',210.54294,45.862612,filtered_data,sdss,1447984566609405952,981
TYC 3466-1158-1,2020yCat.1350....0G,b'   3381126154923646976',206.04936,47.918893,filtered_data,sdss,3381126154923646976,982
SDSS J140811.40+485344.4,2020ApJS..249....3A,b'   1881408763840194560',212.04753,48.895676,filtered_data,sdss,1881408763840194560,983
SDSS J124935.24+313355.2,2020yCat.1350....0G,b'   2245121994322372608',192.39686,31.565358,filtered_data,sdss,2245121994322372608,984
[B68b] 201,2020yCat.1350....0G,b'   2258669345775314944',194.95327,34.389605,filtered_data,sdss,2258669345775314944,985
[B68b] 234,2020yCat.1350....0G,b'   2269922577826736128',195.76385,35.85795,filtered_data,sdss,2269922577826736128,986
NVSS J125851+350244,2020yCat.1350....0G,b'   2258665497484617728',194.71537,35.046399,filtered_data,sdss,2258665497484617728,987
[B68b] 194,2020yCat.1350....0G,b'   2286732462170073088',194.62397,35.478786,filtered_data,sdss,2286732462170073088,988
MCG+06-29-001,2020yCat.1350....0G,b'   2286742907530536960',194.38963,35.524413,filtered_data,sdss,2286742907530536960,989
HZ 32,2020yCat.1350....0G,b'   2239473526987843584',192.75618,37.180479,filtered_data,sdss,2239473526987843584,990
Z 187-47,2009ApJS..182..543A,b'   2263137761349363712',187.16144,35.717482,filtered_data,sdss,2263137761349363712,991
SDSS J122847.72+370606.9,2020yCat.1350....0G,b'   2255346071309936640',187.19884,37.101943,filtered_data,sdss,2255346071309936640,992
IRAS 12447+3721,2020yCat.1350....0G,b'   2239492493563422720',191.78229,37.09352,filtered_data,sdss,2239492493563422720,993
6C 124026+380741,2020A&A...644A.159C,b'   2251827909868152832',190.71402,37.850018,filtered_data,sdss,2251827909868152832,994
2MASX J12503007+3829326,2020yCat.1350....0G,b'   2239544995243649024',192.62548,38.492355,filtered_data,sdss,2239544995243649024,995
SDSS J124721.33+384157.9,2020yCat.1350....0G,b'   2239519981354117120',191.8389,38.699423,filtered_data,sdss,2239519981354117120,996
LEDA 2089756,2009ApJS..182..543A,b'   2269984700233705472',197.71273,36.939841,filtered_data,sdss,2269984700233705472,997
MCG+07-27-046,2009ApJS..182..543A,b'   1643861195637155840',198.24538,41.785576,filtered_data,sdss,1643861195637155840,998
7C 130709.80+432102.00,2020yCat.1350....0G,b'   1643923043166218240',197.35635,43.084864,filtered_data,sdss,1643923043166218240,999
2MASX J13132589+4332148,2020yCat.1350....0G,b'   1548160802161190912',198.3577,43.537442,filtered_data,sdss,1548160802161190912,1000
MCG+08-24-096,2020yCat.1350....0G,b'   1549334530907727872',198.82194,44.407109,filtered_data,sdss,1549334530907727872,1001
IC 3895,2020yCat.1350....0G,b'   2239571933278529536',193.78844,39.203237,filtered_data,sdss,2239571933278529536,1002
IC 4060,2020yCat.1350....0G,b'   2275587531175127040',195.219,40.584567,filtered_data,sdss,2275587531175127040,1003
LEDA 2168410,2020ApJS..249....3A,b'   2236197801987958784',186.91525,40.613613,filtered_data,sdss,2236197801987958784,1004
LEDA 2185640,2020yCat.1350....0G,b'   1634822384986908672',187.60876,41.716066,filtered_data,sdss,1634822384986908672,1005
6C 122432+435742,2020yCat.1350....0G,b'   1634950203213637632',186.74127,43.682898,filtered_data,sdss,1634950203213637632,1006
Z 215-24,2020yCat.1350....0G,b'   2246257232863848448',181.53258,40.150745,filtered_data,sdss,2246257232863848448,1007
Anon J121641+4102,2008ApJS..175..297A,b'   2246329800631281664',184.17576,41.039925,filtered_data,sdss,2246329800631281664,1008
V* BD CVn,2020yCat.1350....0G,b'   2246293791625472000',183.45822,42.047289,filtered_data,sdss,2246293791625472000,1009
[VV2006] J120450.5+442835,2020yCat.1350....0G,b'   1541384512083093504',181.21059,44.476638,filtered_data,sdss,1541384512083093504,1010
SDSS J120231.01+450349.1,2020yCat.1350....0G,b'   1541488690809825280',180.62919,45.063635,filtered_data,sdss,1541488690809825280,1011
[VV2006] J121946.4+473748,2020yCat.1350....0G,b'   1633811384129054720',184.94333,47.630032,filtered_data,sdss,1633811384129054720,1012
NGC  4047,2020yCat.1350....0G,b'   1631521926025340928',180.71116,48.636205,filtered_data,sdss,1631521926025340928,1013
NGC  5123,2020yCat.1350....0G,b'   1549264986797271040',200.79384,43.08626,filtered_data,sdss,1549264986797271040,1014
[VV2006] J133103.7+465943,2020yCat.1350....0G,b'   1647334826488915968',202.76536,46.99524,filtered_data,sdss,1647334826488915968,1015
SDSS J130449.78+482740.1,2020yCat.1350....0G,b'   1442357541446117376',196.20746,48.46115,filtered_data,sdss,1442357541446117376,1016
LEDA 3552667,2020yCat.1350....0G,b'   1640610489140537344',195.70297,47.919655,filtered_data,sdss,1640610489140537344,1017
LEDA 2311504,2020ApJS..249....3A,b'   1640545892832405504',193.05231,48.153716,filtered_data,sdss,1640545892832405504,1018
DES J133252.08+503134.2,2012ApJS..203...21A,b'   1878042608773654528',203.21705,50.526113,filtered_data,sdss,1878042608773654528,1019
GMBCG 203.11892+50.46966,2019ApJ...882...59S,b'   1878041784139933696',203.11894,50.469648,filtered_data,sdss,1878041784139933696,1020
UCAC4 716-052200,2020yCat.1350....0G,b'   3379980738668634112',204.60322,53.067758,filtered_data,sdss,3379980738668634112,1021
2MASS J13545985+5437372,2020yCat.1350....0G,b'   1490776740618856448',208.74934,54.626878,filtered_data,sdss,1490776740618856448,1022
TYC 3851-478-1,2020yCat.1350....0G,b'   3380119002255826944',204.84596,54.818075,filtered_data,sdss,3380119002255826944,1023
LSPM J1323+5132,2009ApJS..182..543A,b'   1878097034599229440',200.85075,51.540814,filtered_data,sdss,1878097034599229440,1024
Z 292-73,2020yCat.1350....0G,b'   1479447647046625280',182.43863,56.523598,filtered_data,sdss,1479447647046625280,1025
LEDA 2582852,2009ApJS..182..543A,b'   1074123120006162432',182.24473,58.792134,filtered_data,sdss,1074123120006162432,1026
QSO B1204+597,2020yCat.1350....0G,b'   1074152806820112384',181.76002,59.481446,filtered_data,sdss,1074152806820112384,1027
[VV2006] J124059.7+601425,2020yCat.1350....0G,b'   1076512358706210816',190.24882,60.240482,filtered_data,sdss,1076512358706210816,1028
6C 120027+604804,2020yCat.1350....0G,b'   1074226474099173376',180.76461,60.521986,filtered_data,sdss,1074226474099173376,1029
LINEAR 3012669,2020yCat.1350....0G,b'    874995240598005760',181.01992,62.562679,filtered_data,sdss,874995240598005760,1030
NGC  4121,2020yCat.1350....0G,b'    674532830327367680',181.98601,65.113963,filtered_data,sdss,674532830327367680,1031
ACO  1948,2020ApJS..246....2A,b'   1178884043647772672',219.43778,48.590026,filtered_data,sdss,1178884043647772672,1032
NGC  5971,2020yCat.1350....0G,b'    694778408697096192',233.90376,56.461704,filtered_data,sdss,694778408697096192,1033
NGC  5969,2020yCat.1350....0G,b'    691470001110018048',233.71263,56.451082,filtered_data,sdss,691470001110018048,1034
MCG+10-22-028,2020yCat.1350....0G,b'    692447448659945472',234.54188,57.603646,filtered_data,sdss,692447448659945472,1035
2MASS J15391524+5757316,2020yCat.1350....0G,b'    692448273293666304',234.8135,57.95883,filtered_data,sdss,692448273293666304,1036
6C 143146+485527,2009A&A...505..385A,b'   1883796078730438656',218.38758,48.707689,filtered_data,sdss,1883796078730438656,1037
SDSS J141926.54+525517.0,2020yCat.1350....0G,b'   1491819621928429568',214.86062,52.921437,filtered_data,sdss,1491819621928429568,1038
LEDA 3485605,2020ApJS..249....3A,b'   1176669352217307136',213.44223,52.221503,filtered_data,sdss,1176669352217307136,1039
[GSZ2000] B,2009ApJS..182..543A,b'   1491824019974940672',215.1022,53.571025,filtered_data,sdss,1491824019974940672,1040
LEDA 2816075,2020yCat.1350....0G,b'   1490742106002581504',211.31497,54.416104,filtered_data,sdss,1490742106002581504,1041
2MASS J14025220+5425048,2020yCat.1350....0G,b'   1490755575020021760',210.71751,54.418,filtered_data,sdss,1490755575020021760,1042
[VV2006] J140933.9+562318,2020yCat.1350....0G,b'   1306119803102062592',212.39145,56.388649,filtered_data,sdss,1306119803102062592,1043
LEDA   52589,2020yCat.1350....0G,b'    889468663940278272',220.85678,57.432169,filtered_data,sdss,889468663940278272,1044
GALEX J151339.0+573918,2020yCat.1350....0G,b'    689178046338459648',228.4118,57.655597,filtered_data,sdss,689178046338459648,1045
SDSS J150811.93+575401.3,2012ApJS..203...21A,b'    689156880739624960',227.0497,57.900376,filtered_data,sdss,689156880739624960,1046
IRAS F14511+5816,2020yCat.1350....0G,b'    686872370069137408',223.12868,58.079983,filtered_data,sdss,686872370069137408,1047
FBS 1509+613,2020yCat.1350....0G,b'    687944119011534848',227.61035,61.115818,filtered_data,sdss,687944119011534848,1048
[VV2006] J144408.9+585332,2020yCat.1350....0G,b'    684614523360929792',221.03677,58.892267,filtered_data,sdss,684614523360929792,1049
[BBS2002] Cl J1444b  71,2012ApJS..203...21A,b'   3318171962173319168',221.0286,63.749868,filtered_data,sdss,3318171962173319168,1050
IRAS 16533+6216,2020yCat.1350....0G,b'    395281330570553344',253.46717,62.197127,filtered_data,sdss,395281330570553344,1051
2MASS J16532970+6231364,2020yCat.1350....0G,b'    392995995719329792',253.37371,62.526806,filtered_data,sdss,392995995719329792,1052
7C 1713+6407b,2015ApJS..219...12A,b'    396430595082708992',258.37128,64.046858,filtered_data,sdss,396430595082708992,1053
2MASX J17130384+6407014,2020yCat.1350....0G,b'    394101279648933888',258.26575,64.117134,filtered_data,sdss,394101279648933888,1054
NVSS J171508+640323,2020yCat.1350....0G,b'    394080663805913088',258.7879,64.048186,filtered_data,sdss,394080663805913088,1055
Mrk  502,2020yCat.1350....0G,b'    393072411777460224',253.42892,64.085234,filtered_data,sdss,393072411777460224,1056
[VV2006] J170704.9+644302,2020yCat.1350....0G,b'    394138113288464384',256.77032,64.717588,filtered_data,sdss,394138113288464384,1057
2MASX J14145374+5839170,2020yCat.1350....0G,b'    887223459468306432',213.72396,58.654865,filtered_data,sdss,887223459468306432,1058
SDSS J133605.73+584857.2,2020yCat.1350....0G,b'   1079746847204993024',204.02389,58.815913,filtered_data,sdss,1079746847204993024,1059
NAME NGC 5322 Group,2008ApJS..176..414Y,b'    885003820050966528',206.67606,60.364766,filtered_data,sdss,885003820050966528,1060
ACO  1701,2020ApJS..246....2A,b'    881584613867153408',198.49608,60.987636,filtered_data,sdss,881584613867153408,1061
Z 295-10,2020yCat.1350....0G,b'    885088757324212224',206.25226,61.280116,filtered_data,sdss,885088757324212224,1062
Z 295-14,2020yCat.1350....0G,b'    885104150487001088',207.02475,61.826555,filtered_data,sdss,885104150487001088,1063
LEDA 2629225,2020yCat.1350....0G,b'    881627494820636672',197.06079,62.033682,filtered_data,sdss,881627494820636672,1064
MCG+10-19-011,2020yCat.1350....0G,b'    880469983870609408',195.08318,61.65503,filtered_data,sdss,880469983870609408,1065
8C 1251+633,2020yCat.1350....0G,b'    880585157713618944',193.32304,63.076327,filtered_data,sdss,880585157713618944,1066
SDSS J130639.44+674456.4,2020yCat.1350....0G,b'    557483764716955648',196.66436,67.749023,filtered_data,sdss,557483764716955648,1067
QSO B1229+6430,2020yCat.1350....0G,b'    675585337833056256',187.88081,64.238408,filtered_data,sdss,675585337833056256,1068
2MASX J12383136+6434565,2020yCat.1350....0G,b'    675549328827246592',189.63056,64.582359,filtered_data,sdss,675549328827246592,1069
Mrk  217,2020yCat.1350....0G,b'    675686218024904704',188.76103,66.375946,filtered_data,sdss,675686218024904704,1070
LEDA 2677590,2020ApJS..249....3A,b'    674552346658760704',183.66207,65.448548,filtered_data,sdss,674552346658760704,1071
[VV2006] J121935.8+660032,2020A&A...644A.159C,b'    674573512257595392',184.89918,66.008864,filtered_data,sdss,674573512257595392,1072
PG 1316+678,2020yCat.1350....0G,b'    558557162943571968',199.46552,67.533156,filtered_data,sdss,558557162943571968,1073
SDSS J212052.74+110713.1,2020yCat.1350....0G,b'    822005379658442752',320.2198,11.120297,filtered_data,sdss,822005379658442752,1074
PG 2128+113,2020yCat.1350....0G,b'    822078772059596800',322.80098,11.493398,filtered_data,sdss,822078772059596800,1075
LEDA   66827,2020yCat.1350....0G,b'    822061179873552384',322.22162,12.175818,filtered_data,sdss,822061179873552384,1076
LEDA 4009233,2011yCat.2306....0A,b'    823134303121598464',322.89945,12.482708,filtered_data,sdss,823134303121598464,1077
GALEX J213819.8+112312,2020yCat.1350....0G,b'    823206596011124736',324.58272,11.386497,filtered_data,sdss,823206596011124736,1078
NGC  7808,2020yCat.1350....0G,b'    731837999058282496',0.88387265,-10.744671,filtered_data,sdss,731837999058282496,1079
PB  8392,2020yCat.1350....0G,b'    737546938626369536',9.0057342,-11.203876,filtered_data,sdss,737546938626369536,1080
ZW VIII  35,2020yCat.1350....0G,b'    737527697172883456',10.043962,-10.440586,filtered_data,sdss,737527697172883456,1081
ATLAS 17nzb,2020yCat.1350....0G,b'    737601639329851392',10.279569,-9.4481607,filtered_data,sdss,737601639329851392,1082
SLACS SDSS J0037-0942,2020yCat.1350....0G,b'    737572227393808384',9.4717298,-9.7055954,filtered_data,sdss,737572227393808384,1083
2MASX J00411290-0909004,2020yCat.1350....0G,b'    737610710300780544',10.303778,-9.1501243,filtered_data,sdss,737610710300780544,1084
NGC   191A,2020yCat.1350....0G,b'    737565630324041728',9.7509834,-9.0145569,filtered_data,sdss,737565630324041728,1085
MCG-02-02-020,2020yCat.1350....0G,b'    735374853120485376',7.0744461,-9.4928559,filtered_data,sdss,735374853120485376,1086
LEDA 3367793,2011yCat.2306....0A,b'    732970221123430400',3.3895091,-10.219122,filtered_data,sdss,732970221123430400,1087
[VV2006] J000507.1-101008,2020yCat.1350....0G,b'    733033992797841408',1.2794251,-10.169068,filtered_data,sdss,733033992797841408,1088
SDSS J000013.80-005446.8,2020yCat.1350....0G,b'   1228386533866760192',0.057513335,-0.9130014,filtered_data,sdss,1228386533866760192,1089
GALEX J000052.4-002610,2020yCat.1350....0G,b'    435769473484482560',0.21850859,-0.43624863,filtered_data,sdss,435769473484482560,1090
NGC   787,2020yCat.1350....0G,b'    749902975203305472',30.202577,-9.0025456,filtered_data,sdss,749902975203305472,1091
QSO J0203-0910,2020yCat.1350....0G,b'    749879335703308288',30.874432,-9.1723374,filtered_data,sdss,749879335703308288,1092
NGC   809,2020yCat.1350....0G,b'    750024746116081664',31.079067,-8.7353057,filtered_data,sdss,750024746116081664,1093
Mrk 1172,2020yCat.1350....0G,b'    750019248557942784',31.400779,-8.2453416,filtered_data,sdss,750019248557942784,1094
6dFGS gJ020039.1-084555,2020yCat.1350....0G,b'    749985713453295616',30.16316,-8.7652814,filtered_data,sdss,749985713453295616,1095
[VV98] J010644.1-103409,2020yCat.1350....0G,b'    742025524984965120',16.683987,-10.56961,filtered_data,sdss,742025524984965120,1096
SDSS J011914.28-093546.4,2015ApJS..219...12A,b'    743256427883161600',19.809531,-9.5961693,filtered_data,sdss,743256427883161600,1097
[VV2006] J010658.0-085500,2020yCat.1350....0G,b'    742083524223330304',16.741425,-8.916696,filtered_data,sdss,742083524223330304,1098
V* GY Cet,2020yCat.1350....0G,b'   3240500810378930176',22.884952,-9.0228491,filtered_data,sdss,3240500810378930176,1099
Z 385-163,2020yCat.1350....0G,b'    449236017459783680',22.433301,-1.2414173,filtered_data,sdss,449236017459783680,1100
Z 385-147,2020yCat.1350....0G,b'    449248661843503104',21.92921,-1.1395764,filtered_data,sdss,449248661843503104,1101
SDSS J021405.91-001637.0,2020yCat.1350....0G,b'    456035672227080192',33.524645,-0.27695616,filtered_data,sdss,456035672227080192,1102
SDSS J023346.93-010128.3,2020yCat.1350....0G,b'    458242941886949376',38.445558,-1.0245362,filtered_data,sdss,458242941886949376,1103
QSO B0249-0058A,2020yCat.1350....0G,b'    461700906912606208',42.95224,-0.77717473,filtered_data,sdss,461700906912606208,1104
IC  264,2020yCat.1350....0G,b'    460628882974861312',42.198415,-0.10918449,filtered_data,sdss,460628882974861312,1105
LEDA   11066,2020yCat.1350....0G,b'    461665997418424320',43.945472,-0.10416021,filtered_data,sdss,461665997418424320,1106
2SLAQ J025501.18+001745.4,2020yCat.1350....0G,b'    461748460790507520',43.754956,0.29597921,filtered_data,sdss,461748460790507520,1107
DES14S1td,2015ApJS..219...12A,b'   1757695007071954944',43.095654,0.62168401,filtered_data,sdss,1757695007071954944,1108
IRAS F02417-0043,2020yCat.1350....0G,b'    460579679829518336',41.07267,-0.51140134,filtered_data,sdss,460579679829518336,1109
Z 389-13,2020yCat.1350....0G,b'    460608816887654400',41.69991,0.42156921,filtered_data,sdss,460608816887654400,1110
2MASS J02243729-0002500,2020yCat.1350....0G,b'    457146454855673856',36.155385,-0.047217641,filtered_data,sdss,457146454855673856,1111
[VV2006] J022304.2+001041,2020yCat.1350....0G,b'    457247060572268544',35.767654,0.1780194,filtered_data,sdss,457247060572268544,1112
SN 2001ga,2001IAUC.7755....2B,b'   2966918671999461376',36.965678,0.62245078,filtered_data,sdss,2966918671999461376,1113
LEDA 1129340,2011yCat.2306....0A,b'    454865242032203776',32.386388,-0.99994355,filtered_data,sdss,454865242032203776,1114
SDSS J020953.48+005113.5,2020yCat.1350....0G,b'    790528830824540160',32.472865,0.85375778,filtered_data,sdss,790528830824540160,1115
NGC   800,2020yCat.1350....0G,b'    454939733944985600',30.549366,-0.13042589,filtered_data,sdss,454939733944985600,1116
ACO   299,2008ApJS..176..414Y,b'    454994709526374400',30.914331,0.2159484,filtered_data,sdss,454994709526374400,1117
Anon J020416+0039,2020ApJS..249....3A,b'    454965847346145280',31.070633,0.65269546,filtered_data,sdss,454965847346145280,1118
LEDA 1149111,2020yCat.1350....0G,b'    451540593345062912',25.327329,-0.21044392,filtered_data,sdss,451540593345062912,1119
2MASX J01390362+0026114,2015ApJS..219...12A,b'    451591720635754496',24.765011,0.43646458,filtered_data,sdss,451591720635754496,1120
[VV2006] J013235.3-002704,2020yCat.1350....0G,b'    450435859573925888',23.147032,-0.45133315,filtered_data,sdss,450435859573925888,1121
IC  172,2020yCat.1350....0G,b'    452783591324149760',28.72599,0.81119164,filtered_data,sdss,452783591324149760,1122
NVSS J021553+001826,2020yCat.1350....0G,b'   1208229182950107136',33.973553,0.30745173,filtered_data,sdss,1208229182950107136,1123
SDSS J021724.92+003127.3,2020yCat.1350....0G,b'   1696893675587528704',34.353859,0.524278,filtered_data,sdss,1696893675587528704,1124
NGC   875,2020yCat.1350....0G,b'    456155244116600832',34.269918,1.2441978,filtered_data,sdss,456155244116600832,1125
Z 385-46,2020yCat.1350....0G,b'    448179936071542784',18.702821,-0.49613431,filtered_data,sdss,448179936071542784,1126
IC 1639,2020yCat.1350....0G,b'   1687773763606702080',17.943974,-0.664357,filtered_data,sdss,1687773763606702080,1127
NGC   429,2020yCat.1350....0G,b'    447013079440451584',18.239269,-0.34498395,filtered_data,sdss,447013079440451584,1128
4C -00.07,2020yCat.1350....0G,b'    782562869483956224',18.623374,0.010200686,filtered_data,sdss,782562869483956224,1129
LEDA   73854,2020yCat.1350....0G,b'    447146670103226368',18.784284,0.22710248,filtered_data,sdss,447146670103226368,1130
CAIRNS J010946.46-000023.8,2020yCat.1350....0G,b'    447034245039286272',17.443645,-0.0066480653,filtered_data,sdss,447034245039286272,1131
LEDA 3116670,2020ApJS..249....3A,b'    448212096786655232',19.18279,0.79361496,filtered_data,sdss,448212096786655232,1132
Z 384-36,2020yCat.1350....0G,b'    444801136738723840',14.095168,-1.2097478,filtered_data,sdss,444801136738723840,1133
2MASX J01004149-0026406,2020yCat.1350....0G,b'    445944079629445120',15.172908,-0.4445498,filtered_data,sdss,445944079629445120,1134
2MASS J00461787-0001303,2020yCat.1350....0G,b'   1274615775151286272',11.574516,-0.025104477,filtered_data,sdss,1274615775151286272,1135
SDSS J005621.72+003235.8,2020yCat.1350....0G,b'    779273405554780160',14.090514,0.54328193,filtered_data,sdss,779273405554780160,1136
LBQS 0108+0028,2020yCat.1350....0G,b'   1687826815042742272',17.658689,0.748329,filtered_data,sdss,1687826815042742272,1137
LEDA    1548,2020yCat.1350....0G,b'    440299461239924736',6.169666,-0.50556345,filtered_data,sdss,440299461239924736,1138
LEDA    1793,2020MNRAS.494.1784A,b'    775812968607672320',7.3200415,-1.0059017,filtered_data,sdss,775812968607672320,1139
SDSS J003838.68+000225.1,2020yCat.1350....0G,b'   1222748231914514432',9.6611935,0.040334724,filtered_data,sdss,1222748231914514432,1140
Z 383-44,2020yCat.1350....0G,b'    441494905441773568',9.3992204,0.28068526,filtered_data,sdss,441494905441773568,1141
GALEX J003000.0-002738,2020yCat.1350....0G,b'    775797575444883456',7.5001699,-0.46082007,filtered_data,sdss,775797575444883456,1142
AT20G J003007-000007,2020yCat.1350....0G,b'   1223873313982408704',7.5328498,-0.0020292787,filtered_data,sdss,1223873313982408704,1143
2MASS J00302351+0014327,2020yCat.1350....0G,b'   1266733096431020032',7.5980429,0.24243689,filtered_data,sdss,1266733096431020032,1144
SDSS J001456.63-005635.3,2015ApJS..219...12A,b'   1226137208138786816',3.7359674,-0.94312586,filtered_data,sdss,1226137208138786816,1145
SDSS J000441.24+000711.2,2020yCat.1350....0G,b'    435732639844952064',1.1718246,0.11979774,filtered_data,sdss,435732639844952064,1146
UM 228,2020yCat.1350....0G,b'    439223316213950464',5.2542864,0.88002279,filtered_data,sdss,439223316213950464,1147
2MASS J00492633+0106005,2020yCat.1350....0G,b'   1270128938613499904',12.359691,1.1000961,filtered_data,sdss,1270128938613499904,1148
LEDA 1446233,2020ApJS..249....3A,b'    478559719053617152',22.454852,13.990644,filtered_data,sdss,478559719053617152,1149
4C 14.07,2020ApJS..249....3A,b'    478682589478021120',24.173686,14.475742,filtered_data,sdss,478682589478021120,1150
[VV2006] J011354.5+132452,2020yCat.1350....0G,b'    476324410622502912',18.477114,13.414554,filtered_data,sdss,476324410622502912,1151
LEDA 1464682,2020ApJS..249....3A,b'    476266411384137728',20.185353,14.694375,filtered_data,sdss,476266411384137728,1152
2MASS J01225032+1515462,2020yCat.1350....0G,b'    477496491225671680',20.709711,15.26284,filtered_data,sdss,477496491225671680,1153
[VV2006] J011229.4+151213,2005AJ....129.1755A,b'    475292519916136448',18.122546,15.203887,filtered_data,sdss,475292519916136448,1154
2MASX J01123815+1528041,2020yCat.1350....0G,b'    475287570989737984',18.158969,15.467882,filtered_data,sdss,475287570989737984,1155
SDSS J012910.15+145934.6,2020yCat.1350....0G,b'    478626789262911488',22.292317,14.992969,filtered_data,sdss,478626789262911488,1156
PB  7412,2020yCat.1350....0G,b'    816361582983407616',344.62992,-9.8254699,filtered_data,sdss,816361582983407616,1157
PHL  5417,2020yCat.1350....0G,b'    813060023872677888',340.61588,-8.5179894,filtered_data,sdss,813060023872677888,1158
2MASS J22380807-0808422,2020yCat.1350....0G,b'    813025664134309888',339.53366,-8.1450348,filtered_data,sdss,813025664134309888,1159
ACO  2428,2020ApJS..246....2A,b'    809566875078912000',334.02922,-9.3387519,filtered_data,sdss,809566875078912000,1160
NVSS J215734-074745,2020yCat.1350....0G,b'    807353562618161152',329.38948,-7.7942378,filtered_data,sdss,807353562618161152,1161
LEDA 1010093,2011yCat.2306....0A,b'    807422282094897152',331.11171,-7.9787079,filtered_data,sdss,807422282094897152,1162
V* GU Aqr,2020yCat.1350....0G,b'    757765308193728512',337.17968,-0.85419456,filtered_data,sdss,757765308193728512,1163
DES J234338.26+001945.5,2020yCat.1350....0G,b'    433622127141218304',355.90942,0.3293297,filtered_data,sdss,433622127141218304,1164
NGC  7739,2020yCat.1350....0G,b'    433633122257496064',356.12534,0.32045758,filtered_data,sdss,433633122257496064,1165
SDSS J233113.45-010933.2,2020yCat.1350....0G,b'    766773057825040384',352.80605,-1.1592681,filtered_data,sdss,766773057825040384,1166
[VV2006] J232824.5-003658,2020yCat.1350....0G,b'    431238936275216384',352.1023,-0.61620783,filtered_data,sdss,431238936275216384,1167
SDSS J232351.60+004034.3,2018yCat.1345....0G,b'    431348887437993984',350.96502,0.67622891,filtered_data,sdss,431348887437993984,1168
SDSS J233809.82+001203.8,2020yCat.1350....0G,b'    432516843714930688',354.541,0.20108234,filtered_data,sdss,432516843714930688,1169
SDSS J233846.86+003215.1,2020yCat.1350....0G,b'    768003691683801088',354.6953,0.5375269,filtered_data,sdss,768003691683801088,1170
NVSS J231441+003949,2020ApJS..249....3A,b'    764613066863175680',348.67339,0.66182958,filtered_data,sdss,764613066863175680,1171
GALEX J231256.3+005034,2020yCat.1350....0G,b'    429134470902212608',348.23504,0.84323944,filtered_data,sdss,429134470902212608,1172
LEDA 1003772,2009ApJS..182..543A,b'   1325198531383814144',325.91915,-8.4355779,filtered_data,sdss,1325198531383814144,1173
LEDA  163368,2020yCat.1350....0G,b'   1326440704662071296',326.49153,-7.7968604,filtered_data,sdss,1326440704662071296,1174
2MASS J22060970-0037265,2020yCat.1350....0G,b'    420020893511608320',331.54044,-0.62398485,filtered_data,sdss,420020893511608320,1175
Z 378-6,2020yCat.1350....0G,b'    423443404286879744',336.56095,0.66780124,filtered_data,sdss,423443404286879744,1176
SDSS J221312.08-003725.6,2007AJ....134..102S,b'   1243056218172319744',333.30034,-0.62378368,filtered_data,sdss,1243056218172319744,1177
SDSS J221714.27+003346.4,2020yCat.1350....0G,b'   1661991589704132608',334.30948,0.562912,filtered_data,sdss,1661991589704132608,1178
1RXS J215305.2-004227,2020yCat.1350....0G,b'    417748482720294912',328.27228,-0.70852309,filtered_data,sdss,417748482720294912,1179
LEDA 1125028,2015ApJS..219...12A,b'   1245256615817406464',330.46979,-1.17191,filtered_data,sdss,1245256615817406464,1180
SDSS J220224.29-003334.4,2020yCat.1350....0G,b'   1244204933364869120',330.60121,-0.55955268,filtered_data,sdss,1244204933364869120,1181
ZTF J220037.02-002618.3,2020yCat.1350....0G,b'   1245287951898798080',330.15428,-0.43845303,filtered_data,sdss,1245287951898798080,1182
SDSS J214651.97+002302.2,2015ApJS..219...12A,b'   1114814397089343488',326.71657,0.38396175,filtered_data,sdss,1114814397089343488,1183
Z 376-34,2020yCat.1350....0G,b'    417816377563310080',327.28041,0.44731382,filtered_data,sdss,417816377563310080,1184
Z 375-26,2020yCat.1350....0G,b'   1110145320592893952',319.75117,-0.96397772,filtered_data,sdss,1110145320592893952,1185
Gaia DR3 2686795819414993792,2020yCat.1350....0G,b'   1158632141978888192',323.03421,-0.91412532,filtered_data,sdss,1158632141978888192,1186
Gaia DR3 2686843858624444928,2020yCat.1350....0G,b'   1113583493872379904',323.2355,-0.86654214,filtered_data,sdss,1113583493872379904,1187
2MASS J21020044+0005020,2020yCat.1350....0G,b'   1109108206048667648',315.50178,0.083856136,filtered_data,sdss,1109108206048667648,1188
2MASS J22313478+0027179,2020yCat.1350....0G,b'   1166586003557738496',337.89492,0.454967,filtered_data,sdss,1166586003557738496,1189
4C 13.84,2020yCat.1350....0G,b'    833208300228077568',342.4373,13.519302,filtered_data,sdss,833208300228077568,1190
LEDA  214796,2015ApJS..219...12A,b'    826571097632696320',330.88126,12.626015,filtered_data,sdss,826571097632696320,1191
LEDA 3504226,2020yCat.1350....0G,b'    829814936745043968',336.18389,12.361301,filtered_data,sdss,829814936745043968,1192
SDSS J000006.53+003055.2,2020yCat.1350....0G,b'    771369841129973760',0.027230757,0.51533164,filtered_data,sdss,771369841129973760,1193
2MASX J00004415+0040229,2020yCat.1350....0G,b'    435860183193774080',0.18397994,0.67299349,filtered_data,sdss,435860183193774080,1194
PHL  2737,2020yCat.1350....0G,b'    846737515728627712',3.1900245,14.665675,filtered_data,sdss,846737515728627712,1195
LEDA 4003420,2020yCat.1350....0G,b'    845576981205510144',2.0040919,14.021854,filtered_data,sdss,845576981205510144,1196
[VV2006] J000545.6+153834,2020yCat.1350....0G,b'    845677861397358592',1.4400823,15.642746,filtered_data,sdss,845677861397358592,1197
[CTD2010] SDSS J0013+1523 B,2020yCat.1350....0G,b'    846810633251874816',3.4175332,15.386672,filtered_data,sdss,846810633251874816,1198
Z 432-38,2020yCat.1350....0G,b'    843348820472391680',358.15172,14.55145,filtered_data,sdss,843348820472391680,1199
[VV2006] J005503.5+140806,2020yCat.1350....0G,b'    472903006153631744',13.764676,14.135154,filtered_data,sdss,472903006153631744,1200
[VV2006] J010226.8+140740,2020yCat.1350....0G,b'    474032478634403840',15.61151,14.127927,filtered_data,sdss,474032478634403840,1201
[VV2006] J004527.7+143815,2020yCat.1350....0G,b'    471780679793797120',11.365366,14.637831,filtered_data,sdss,471780679793797120,1202
SHOC  26,2020yCat.1350....0G,b'    471844176590301184',10.226349,15.569384,filtered_data,sdss,471844176590301184,1203
2MASS J00402918+1604163,2020yCat.1350....0G,b'    470782047317682176',10.121552,16.071161,filtered_data,sdss,470782047317682176,1204
2MASS J00403842+1609498,2020yCat.1350....0G,b'    470781772439775232',10.160011,16.16387,filtered_data,sdss,470781772439775232,1205
PG 0016+151,2020yCat.1350....0G,b'    847898324827662336',4.6547421,15.363889,filtered_data,sdss,847898324827662336,1206
[HB98] 4,2012ApJS..203...21A,b'    847891452879988736',4.6987352,16.037394,filtered_data,sdss,847891452879988736,1207
2MASX J23122598+1354503,2020yCat.1350....0G,b'    837732240619235328',348.10829,13.91394,filtered_data,sdss,837732240619235328,1208
LEDA 3374574,2020ApJS..249....3A,b'    834408692014147584',343.50264,14.656765,filtered_data,sdss,834408692014147584,1209
SDSS J230743.41+152558.4,2020yCat.1350....0G,b'    836665164769028096',346.93087,15.43289,filtered_data,sdss,836665164769028096,1210
[VV2006] J084710.4-001303,2012ApJS..203...21A,b'    525822226423900160',131.79337,-0.21740069,filtered_data,sdss,525822226423900160,1211
HSCS J084950+002334,2018PASJ...70S..20O,b'    525825250080876544',132.45755,0.39272124,filtered_data,sdss,525825250080876544,1212
NGC  2508,2020yCat.1350....0G,b'   2723612142354851840',120.4884,8.5518795,filtered_data,sdss,2723612142354851840,1213
Z  58-57,2020ApJS..249....3A,b'   2549119089603799040',118.30536,12.898178,filtered_data,sdss,2549119089603799040,1214
SDSS J075117.09+144423.5,2020yCat.1350....0G,b'   2341927387773560832',117.82124,14.739884,filtered_data,sdss,2341927387773560832,1215
NGC  1468,2020yCat.1350....0G,b'    521323849594202112',58.052425,-6.3489446,filtered_data,sdss,521323849594202112,1216
NGC  1361,2020yCat.1350....0G,b'    519204266087311360',53.573957,-6.2649979,filtered_data,sdss,519204266087311360,1217
LEDA   12538,2020yCat.1350....0G,b'    465010161094780928',50.18886,-1.053975,filtered_data,sdss,465010161094780928,1218
[VV2006] J033910.5-003009,2020yCat.1350....0G,b'    803958541109979136',54.793851,-0.50256391,filtered_data,sdss,803958541109979136,1219
ZTF J034239.99-000009.8,2020yCat.1350....0G,b'   1709164486373435392',55.666636,-0.00276,filtered_data,sdss,1709164486373435392,1220
LEDA 1149387,2011yCat.2306....0A,b'    468458504269621248',54.018114,-0.19978186,filtered_data,sdss,468458504269621248,1221
QSO J0338+0056,2020yCat.1350....0G,b'    803982180609976320',54.545222,0.9382277,filtered_data,sdss,803982180609976320,1222
LEDA 1143164,2020yCat.1350....0G,b'    466184440318552064',51.155504,-0.44403561,filtered_data,sdss,466184440318552064,1223
[VV2006] J032600.0+000801,2020yCat.1350....0G,b'    466254259306915840',51.499878,0.13355291,filtered_data,sdss,466254259306915840,1224
[VV2006] J032759.3+004422,2020yCat.1350....0G,b'    801806521942960128',51.99672,0.7396476,filtered_data,sdss,801806521942960128,1225
Z 391-14,2020yCat.1350....0G,b'    467405446991341568',54.006625,1.1047554,filtered_data,sdss,467405446991341568,1226
ATO J047.2355-00.9141,2020yCat.1350....0G,b'   1704679303465166848',47.23565,-0.914081,filtered_data,sdss,1704679303465166848,1227
2MASS J03181753-0017502,2003yCat.2246....0C,b'    756659749419771904',49.573084,-0.2972714,filtered_data,sdss,756659749419771904,1228
[VV2006] J031828.9-001523,2020yCat.1350....0G,b'    800546206789953536',49.620451,-0.25643585,filtered_data,sdss,800546206789953536,1229
Z 390-58,2018yCat.1345....0G,b'    465130832495929344',49.929349,0.56547293,filtered_data,sdss,465130832495929344,1230
AT 2020rss,2023ApJS..266....9A,b'    902992104655972352',46.425083,-1.0732403,filtered_data,sdss,902992104655972352,1231
RX J0304.5-0054,2020yCat.1350....0G,b'    462782825347704832',46.141491,-0.90129779,filtered_data,sdss,462782825347704832,1232
CFRS 03.0365,2015ApJS..219...12A,b'   1759835479806601216',45.606728,0.12382,filtered_data,sdss,1759835479806601216,1233
KUG 0301+002,2020yCat.1350....0G,b'    462885904562808832',46.074085,0.47426843,filtered_data,sdss,462885904562808832,1234
KUV 03197+0045,2020yCat.1350....0G,b'    466212752742967296',50.557923,0.9204093,filtered_data,sdss,466212752742967296,1235
LEDA  115793,2020yCat.1350....0G,b'    372699022294542336',180.59615,-3.306352,filtered_data,sdss,372699022294542336,1236
V* V367 Vir,2020yCat.1350....0G,b'    372810622724761600',180.6324,-1.8957267,filtered_data,sdss,372810622724761600,1237
QSO B1201-015,2020yCat.1350....0G,b'    372836186370107392',181.08264,-1.7973269,filtered_data,sdss,372836186370107392,1238
IC  753,2020yCat.1350....0G,b'    320931258731358208',179.80368,-0.52380675,filtered_data,sdss,320931258731358208,1239
SDSS J134136.79-032125.2,2020yCat.1350....0G,b'   1028029119138392064',205.40334,-3.3570326,filtered_data,sdss,1028029119138392064,1240
IC  893,2020yCat.1350....0G,b'   1024599191676020736',202.94745,-2.6116117,filtered_data,sdss,1024599191676020736,1241
[WLH2009] J202.79512-01.73026,2020yCat.1350....0G,b'   1025822948939819008',202.79513,-1.7302861,filtered_data,sdss,1025822948939819008,1242
Z  17-19,2020yCat.1350....0G,b'   1025816351870052352',203.22131,-1.2586517,filtered_data,sdss,1025816351870052352,1243
2MASX J14103977-0241003,2020yCat.1350....0G,b'   1031387026726873088',212.66562,-2.6835166,filtered_data,sdss,1031387026726873088,1244
SDSS J143743.01-014742.6,2020yCat.1350....0G,b'   1034842517415159808',219.42923,-1.795171,filtered_data,sdss,1034842517415159808,1245
QSO J1453+0029,2020yCat.1350....0G,b'    348022126801872896',223.38755,0.49545883,filtered_data,sdss,348022126801872896,1246
LEDA 1184553,2020ApJS..249....3A,b'    603484857925920768',220.78246,1.1000211,filtered_data,sdss,603484857925920768,1247
Z  19-45,2020yCat.1350....0G,b'    344633151097694208',217.41929,0.36637612,filtered_data,sdss,344633151097694208,1248
LEDA 1168001,2020yCat.1350....0G,b'    344658714743040000',217.97584,0.51573079,filtered_data,sdss,344658714743040000,1249
SDSS J142403.93+000358.4,2020yCat.1350....0G,b'    343469042759133184',216.01638,0.066221787,filtered_data,sdss,343469042759133184,1250
SDSS J143237.11+024533.4,2020yCat.1350....0G,b'    602515912884512768',218.15464,2.75929,filtered_data,sdss,602515912884512768,1251
LEDA   52256,2020yCat.1350....0G,b'    603592884943349760',219.2871,3.0471104,filtered_data,sdss,603592884943349760,1252
PKS J1345-0156,2020yCat.1350....0G,b'   1028067052289550336',206.32029,-1.9404566,filtered_data,sdss,1028067052289550336,1253
QSO J1407-0049,2020yCat.1350....0G,b'    340081448692246528',211.79414,-0.82090636,filtered_data,sdss,340081448692246528,1254
SDSS J141007.94-002348.4,2020ApJS..249....3A,b'    340053686023645184',212.53309,-0.39677592,filtered_data,sdss,340053686023645184,1255
Z  18-15,2020yCat.1350....0G,b'    339044063732852736',209.94174,1.0758052,filtered_data,sdss,339044063732852736,1256
SDSS J133831.75-002328.0,2020yCat.1350....0G,b'    335524802108352512',204.6323,-0.39110289,filtered_data,sdss,335524802108352512,1257
QSO J1341+0059,2020yCat.1350....0G,b'    336766695727196160',205.47596,0.99686724,filtered_data,sdss,336766695727196160,1258
Z  17-63,2020yCat.1350....0G,b'    595637093699446784',205.56261,1.8574493,filtered_data,sdss,595637093699446784,1259
LEDA  214169,2020yCat.1350....0G,b'    596747875338184704',208.04817,2.3152739,filtered_data,sdss,596747875338184704,1260
2FGL J1358.0+0137,2020yCat.1350....0G,b'    597924077935552512',209.41126,1.4704456,filtered_data,sdss,597924077935552512,1261
NGC  5335,2020yCat.1350....0G,b'    596887788192819200',208.23565,2.8142747,filtered_data,sdss,596887788192819200,1262
BAX 214.4098+02.0361,2020ApJS..246....2A,b'    600125299643934720',214.3632,1.9884822,filtered_data,sdss,600125299643934720,1263
Z  46-69,2020yCat.1350....0G,b'    656457129649006592',213.59579,2.9780132,filtered_data,sdss,656457129649006592,1264
[VV2006] J142339.8+042040,2020yCat.1350....0G,b'    657666317460989952',215.91612,4.3447557,filtered_data,sdss,657666317460989952,1265
NVSS J140709+045300,2009ApJS..182..543A,b'    655411219045312512',211.78757,4.8839444,filtered_data,sdss,655411219045312512,1266
2MASX J13585043+0600032,2020yCat.1350....0G,b'   2035686200383137792',209.71013,6.0011127,filtered_data,sdss,2035686200383137792,1267
NGC  5542,2020yCat.1350....0G,b'   2055992519522543616',214.47166,7.5587771,filtered_data,sdss,2055992519522543616,1268
Z  47-5,2020yCat.1350....0G,b'   2039075709065914368',214.78463,7.9137806,filtered_data,sdss,2039075709065914368,1269
ACO  1890,2020ApJS..246....2A,b'   2037891264543746048',214.42343,8.2184441,filtered_data,sdss,2037891264543746048,1270
LEDA 1078940,2020yCat.1350....0G,b'    377221307445569536',189.67119,-2.9663923,filtered_data,sdss,377221307445569536,1271
Z  14-76,2020yCat.1350....0G,b'    377295799358351360',188.97864,-2.3858469,filtered_data,sdss,377295799358351360,1272
Z  15-60,2009ApJS..182..543A,b'    381703186550908928',196.12997,-3.5724134,filtered_data,sdss,381703186550908928,1273
LBQS 1308-0214,2020yCat.1350....0G,b'    382870323143403520',197.81211,-2.5126491,filtered_data,sdss,382870323143403520,1274
SDSS J130623.89-014033.6,2020ApJS..249....3A,b'    381824132829964288',196.59957,-1.6760336,filtered_data,sdss,381824132829964288,1275
Z  16-13,2020yCat.1350....0G,b'    331018179344099328',197.42118,-1.0482723,filtered_data,sdss,331018179344099328,1276
ICRF J131938.7-004939,2020yCat.1350....0G,b'    333318357635852288',199.91152,-0.82778403,filtered_data,sdss,333318357635852288,1277
[VV2006] J125849.8-014303,2020yCat.1350....0G,b'    380691086131095552',194.70765,-1.7175969,filtered_data,sdss,380691086131095552,1278
6dFGS gJ125838.3-013429,2020yCat.1350....0G,b'    380699607346210816',194.65943,-1.5748647,filtered_data,sdss,380699607346210816,1279
NVSS J125409-011529,2020yCat.1350....0G,b'    380643257375287296',193.53798,-1.2575076,filtered_data,sdss,380643257375287296,1280
V* V426 Vir,2020yCat.1350....0G,b'    329976661971855360',193.18582,-0.42025627,filtered_data,sdss,329976661971855360,1281
LEDA 1168111,2020ApJS..249....3A,b'    328913982641432576',192.82139,0.52052388,filtered_data,sdss,328913982641432576,1282
VLASS1QLCIR J125834.92+003832.3,,b'    330020917314873344',194.6455,0.64229183,filtered_data,sdss,330020917314873344,1283
LEDA 3092455,2020yCat.1350....0G,b'    331116035878971392',196.08742,1.150985,filtered_data,sdss,331116035878971392,1284
ICRF J122836.9-030439,2020A&A...644A.159C,b'    376095957177100288',187.15383,-3.0775675,filtered_data,sdss,376095957177100288,1285
2MASS J12172935+0035326,2020yCat.1350....0G,b'    324365859353028608',184.37228,0.59240153,filtered_data,sdss,324365859353028608,1286
IRAS 12005+0009,2020yCat.1350....0G,b'    320891126556944384',180.76847,-0.12429257,filtered_data,sdss,320891126556944384,1287
QSO J1224+0037,2020yCat.1350....0G,b'    324434853707671552',186.05957,0.61916938,filtered_data,sdss,324434853707671552,1288
SDSS J122907.28+020246.3,2012ApJS..203...21A,b'    585542756735150080',187.28033,2.0461892,filtered_data,sdss,585542756735150080,1289
GALEX J122722.8+021507,2020yCat.1350....0G,b'    585554301607241728',186.8452,2.2520732,filtered_data,sdss,585554301607241728,1290
SDSS J122153.96+042742.5,2009ApJS..182..543A,b'   3242665749512218624',185.47488,4.4618384,filtered_data,sdss,3242665749512218624,1291
[TI98] 1249+0146,2020yCat.1350....0G,b'    587720884840589312',192.95779,1.500512,filtered_data,sdss,587720884840589312,1292
[VV2006] J125414.3+024117,2020yCat.1350....0G,b'    588964157647251456',193.5595,2.6881976,filtered_data,sdss,588964157647251456,1293
Z  43-56,2020yCat.1350....0G,b'    588947664972834816',193.44587,3.441768,filtered_data,sdss,588947664972834816,1294
ACO  1630,2020ApJS..246....2A,b'    954837932571650048',193.01306,4.5745873,filtered_data,sdss,954837932571650048,1295
LEDA   40503,2020yCat.1350....0G,b'   3242633313919199232',186.34526,4.3551755,filtered_data,sdss,3242633313919199232,1296
Z  42-101,2020yCat.1350....0G,b'   3242742165570349056',186.5655,5.4765029,filtered_data,sdss,3242742165570349056,1297
[VV2006] J133119.1+035657,2020yCat.1350....0G,b'    960473749348444160',202.82977,3.9494628,filtered_data,sdss,960473749348444160,1298
NGC  5246,2020yCat.1350....0G,b'    960432792540309504',204.37236,4.1044168,filtered_data,sdss,960432792540309504,1299
Z  45-61,2020yCat.1350....0G,b'    961616416790833152',204.80526,4.6233427,filtered_data,sdss,961616416790833152,1300
NGC  5261,2020yCat.1350....0G,b'    961615317279205376',205.06704,5.076317,filtered_data,sdss,961615317279205376,1301
2MASX J13424441+0530560,2020yCat.1350....0G,b'    961619990203623424',205.68507,5.5155945,filtered_data,sdss,961619990203623424,1302
Z  45-64,2020ApJS..249....3A,b'   2030074842388129792',204.90756,6.1535969,filtered_data,sdss,2030074842388129792,1303
LEDA 4381159,2009ApJS..182..543A,b'   2030084463114872832',205.28365,6.4209649,filtered_data,sdss,2030084463114872832,1304
4C 04.45,2015ApJS..219...12A,b'    958146907899717632',201.08198,4.3186246,filtered_data,sdss,958146907899717632,1305
NGC  5239,2020yCat.1350....0G,b'   2027883790658988032',204.10918,7.369593,filtered_data,sdss,2027883790658988032,1306
SDSS J133718.76+074536.2,2020yCat.1350....0G,b'   2027902757234567168',204.32817,7.7600693,filtered_data,sdss,2027902757234567168,1307
SDSS J133537.60+080149.0,2020yCat.1350....0G,b'   2027890112850847744',203.90668,8.0303038,filtered_data,sdss,2027890112850847744,1308
LEDA   91299,2009ApJS..182..543A,b'   2028905782170380288',204.00924,8.1864383,filtered_data,sdss,2028905782170380288,1309
UGC  8799,2005AJ....129.1755A,b'   2032271936851044352',208.33265,5.7716471,filtered_data,sdss,2032271936851044352,1310
SDSS J140455.12+085514.0,2012ApJS..203...21A,b'   2036810444580087808',211.22974,8.9205697,filtered_data,sdss,2036810444580087808,1311
NGC  5436,2020yCat.1350....0G,b'   2034662829918808064',210.92126,9.5735049,filtered_data,sdss,2034662829918808064,1312
2MASX J14075270+0938281,2020yCat.1350....0G,b'   2036902528678914048',211.96964,9.6412807,filtered_data,sdss,2036902528678914048,1313
2MASS J14041058+0937451,2020yCat.1350....0G,b'   2034660905773459456',211.04411,9.6292498,filtered_data,sdss,2034660905773459456,1314
Z  74-48,2020yCat.1350....0G,b'   2034639740174624768',210.4861,9.5334993,filtered_data,sdss,2034639740174624768,1315
Z  74-43,2020yCat.1350....0G,b'   2034657332360669184',210.43385,9.8683913,filtered_data,sdss,2034657332360669184,1316
Z  73-56,2009ApJS..182..543A,b'   2028883242182010880',204.6277,8.4423219,filtered_data,sdss,2028883242182010880,1317
RX J1342.6+0939,2020yCat.1350....0G,b'   2031234547814787072',205.66806,9.6531227,filtered_data,sdss,2031234547814787072,1318
LEDA 4539513,2020yCat.1350....0G,b'   2000745089890019328',208.62107,13.465916,filtered_data,sdss,2000745089890019328,1319
3C 281,2020yCat.1350....0G,b'   2021056104217208832',196.9747,6.7038572,filtered_data,sdss,2021056104217208832,1320
LEDA 3096773,2020yCat.1350....0G,b'   2023340339623913472',198.05181,7.3066867,filtered_data,sdss,2023340339623913472,1321
Z  44-76,2020yCat.1350....0G,b'   2025595422017349632',200.73097,8.1615591,filtered_data,sdss,2025595422017349632,1322
SDSS J125455.09+084653.9,2020yCat.1350....0G,b'   2016499449110489088',193.72955,8.7816549,filtered_data,sdss,2016499449110489088,1323
2MASS J13015585+0836317,2020yCat.1350....0G,b'   2018775981510125568',195.48268,8.6087936,filtered_data,sdss,2018775981510125568,1324
Z  71-88,2020yCat.1350....0G,b'   2018854596591511552',194.71196,9.6539606,filtered_data,sdss,2018854596591511552,1325
Z  71-101,2020yCat.1350....0G,b'   2018885108039182336',195.74281,10.50393,filtered_data,sdss,2018885108039182336,1326
2MASS J13035741+1033135,2020yCat.1350....0G,b'   2018896103155460096',195.98926,10.55375,filtered_data,sdss,2018896103155460096,1327
NGC  4880,2020yCat.1350....0G,b'   1908565052231804928',195.04406,12.483311,filtered_data,sdss,1908565052231804928,1328
NGC  5174,2020yCat.1350....0G,b'   1912963093290313728',202.35805,11.007889,filtered_data,sdss,1912963093290313728,1329
2MASX J13283008+1550181,2020yCat.1350....0G,b'   2934161472500033536',202.12534,15.838431,filtered_data,sdss,2934161472500033536,1330
SDSS J133118.42+160959.8,2020yCat.1350....0G,b'   2934143880313989120',202.82675,16.166644,filtered_data,sdss,2934143880313989120,1331
SDSS J132059.17+164402.5,2020yCat.1350....0G,b'   2933030080571533312',200.24656,16.734063,filtered_data,sdss,2933030080571533312,1332
NVSS J132519+182205,2020ApJS..249....3A,b'   2948766841113176064',201.33178,18.366821,filtered_data,sdss,2948766841113176064,1333
SDSS J112801.67+004034.6,2020yCat.1350....0G,b'    316510392052377600',172.00698,0.67630125,filtered_data,sdss,316510392052377600,1334
4C 01.30,2020yCat.1350....0G,b'    316532382284933120',172.58921,0.97306561,filtered_data,sdss,316532382284933120,1335
LBQS 1135+0044,2020yCat.1350....0G,b'    317667079022995456',174.45733,0.45984324,filtered_data,sdss,317667079022995456,1336
NVSS J113719+022200,2020yCat.1350....0G,b'    577727972824344576',174.33365,2.3665884,filtered_data,sdss,577727972824344576,1337
[WBE2009] L5-127,2009ApJ...694L.144W,b'    577694162841790464',173.19005,2.3518744,filtered_data,sdss,577694162841790464,1338
Z  40-24,2020yCat.1350....0G,b'    578806318937171968',175.08088,3.0008039,filtered_data,sdss,578806318937171968,1339
2MASX J11400874+0307114,2020yCat.1350....0G,b'    578803570158102528',175.03633,3.1198362,filtered_data,sdss,578803570158102528,1340
Z  40-20,2020yCat.1350....0G,b'    577752436958062592',174.72888,3.5808728,filtered_data,sdss,577752436958062592,1341
PG 1049-005,2020yCat.1350....0G,b'    310817400670939136',162.96439,-0.85491191,filtered_data,sdss,310817400670939136,1342
IC  655,2020yCat.1350....0G,b'    310791562147686400',163.59266,-0.36496532,filtered_data,sdss,310791562147686400,1343
2MASS J11035613+0022362,2020yCat.1350....0G,b'    312016967840065536',165.98395,0.3767651,filtered_data,sdss,312016967840065536,1344
2dFGRS TGN295Z179,2020yCat.1350....0G,b'    309708268333197312',160.54179,-0.30408553,filtered_data,sdss,309708268333197312,1345
SDSS-C4 1156,2007MNRAS.379..867V,b'    310869352595351552',162.49522,0.32230856,filtered_data,sdss,310869352595351552,1346
[DCD2013] CSS J104629.3+002929,2020yCat.1350....0G,b'    309758845868075008',161.62239,0.49131168,filtered_data,sdss,309758845868075008,1347
SDSS J104329.88+013225.7,2020yCat.1350....0G,b'    569749917006850048',160.87455,1.5404962,filtered_data,sdss,569749917006850048,1348
LEDA 1264801,2020yCat.1350....0G,b'    942394484149217280',173.59369,4.1910085,filtered_data,sdss,942394484149217280,1349
Z  38-123,2020yCat.1350....0G,b'    654213306344564736',166.5098,4.4293677,filtered_data,sdss,654213306344564736,1350
SDSS J111816.59+074323.9,2020yCat.1350....0G,b'   1820707470046160896',169.56912,7.723292,filtered_data,sdss,1820707470046160896,1351
VIRTUAL PARENT PG 1115+080,,b'   1820708569557788672',169.57063,7.7661636,filtered_data,sdss,1820708569557788672,1352
IRAS F11062+0715,2020yCat.1350....0G,b'   1130453579933444096',167.21265,6.9837354,filtered_data,sdss,1130453579933444096,1353
SDSS J094257.81-004705.1,2020yCat.1350....0G,b'    299546577171671040',145.74093,-0.78478748,filtered_data,sdss,299546577171671040,1354
MGC  5964,2020yCat.1350....0G,b'    305137323165640704',155.27889,-0.049187334,filtered_data,sdss,305137323165640704,1355
LBQS 1019+0147,2020yCat.1350....0G,b'    566344729109751808',155.57913,1.5385611,filtered_data,sdss,566344729109751808,1356
[VV2000] J095758.4-002354,2020yCat.1350....0G,b'    301805798739175424',149.49356,-0.39835189,filtered_data,sdss,301805798739175424,1357
2MASX J10002518+0014575,2020yCat.1350....0G,b'    301894309425211392',150.10511,0.24931986,filtered_data,sdss,301894309425211392,1358
2MASX J09593953+0035117,2020yCat.1350....0G,b'    301879740896143360',149.9147,0.58670266,filtered_data,sdss,301879740896143360,1359
[VV2006] J095013.0-002839,2020yCat.1350....0G,b'    300687869872203776',147.55427,-0.47753803,filtered_data,sdss,300687869872203776,1360
PG 0948+013,2020yCat.1350....0G,b'    300730475947780096',147.75931,1.0757091,filtered_data,sdss,300730475947780096,1361
RX J0958.8+0132,2020yCat.1350....0G,b'    564162477365946368',149.70427,1.5388185,filtered_data,sdss,564162477365946368,1362
LEDA 1202310,2020ApJS..249....3A,b'    563002763433240576',149.38568,1.6759526,filtered_data,sdss,563002763433240576,1363
Z   8-60,2020yCat.1350....0G,b'    565236420684310528',152.77183,1.2240949,filtered_data,sdss,565236420684310528,1364
[VV2006] J095957.9+014327,2020yCat.1350....0G,b'    562992043194869760',149.9916,1.7242806,filtered_data,sdss,562992043194869760,1365
[VV2006] J100025.2+015851,2020yCat.1350....0G,b'    564152032005482496',150.10519,1.9811461,filtered_data,sdss,564152032005482496,1366
2MASX J10014194+0203577,2012ApJS..203...21A,b'    564139387621763072',150.42494,2.0661473,filtered_data,sdss,564139387621763072,1367
LEDA 1221949,2020yCat.1350....0G,b'    564182268575246336',150.3748,2.2847517,filtered_data,sdss,564182268575246336,1368
SDSS J100153.72+022233.2,2020yCat.1350....0G,b'    563122885078575104',150.47386,2.3758954,filtered_data,sdss,563122885078575104,1369
SDSS J100337.29+023548.2,2009ApJS..182..543A,b'    564208381976406016',150.90537,2.5967453,filtered_data,sdss,564208381976406016,1370
[VV2006] J095820.4+020304,2020yCat.1350....0G,b'    563085501683230720',149.58523,2.0510863,filtered_data,sdss,563085501683230720,1371
2MASS J10002295+0213126,2020yCat.1350....0G,b'    563100619968112640',150.09561,2.2201313,filtered_data,sdss,563100619968112640,1372
SDSS J100139.75+022548.7,2020yCat.1350....0G,b'    563121785566947328',150.41566,2.4301972,filtered_data,sdss,563121785566947328,1373
COSMOS 2019576,2020yCat.1350....0G,b'    564172922726410240',150.02772,2.3738838,filtered_data,sdss,564172922726410240,1374
LEDA 3346179,2015ApJS..219...12A,b'    563100345090205696',150.19391,2.5512759,filtered_data,sdss,563100345090205696,1375
SDSS J100028.28+024103.3,2012ApJS..203...21A,b'    563116837764622336',150.11784,2.6842619,filtered_data,sdss,563116837764622336,1376
[VV2006] J095728.3+022542,2020yCat.1350....0G,b'    563081928270440448',149.36803,2.4283692,filtered_data,sdss,563081928270440448,1377
GALEX J095937.0+023828,2020yCat.1350....0G,b'    563109416061134848',149.90402,2.6412556,filtered_data,sdss,563109416061134848,1378
LEDA 1236923,2020yCat.1350....0G,b'    564167974924085248',149.99849,2.7691066,filtered_data,sdss,564167974924085248,1379
[VV2006] J095754.7+023832,2020yCat.1350....0G,b'    563072582421604352',149.47793,2.6424256,filtered_data,sdss,563072582421604352,1380
[VV2006] J095908.3+024309,2020yCat.1350....0G,b'    564169074435713024',149.78465,2.7193381,filtered_data,sdss,564169074435713024,1381
COSMOS 1892828,2009ApJS..182..543A,b'    563125908735551488',150.47406,2.41385,filtered_data,sdss,563125908735551488,1382
[VV2006] J100145.1+022456,2020yCat.1350....0G,b'    563123159956482048',150.43814,2.4158298,filtered_data,sdss,563123159956482048,1383
SDSS J100125.41+023145.2,2020yCat.1350....0G,b'    564181169063618560',150.3559,2.5292352,filtered_data,sdss,564181169063618560,1384
LEDA 1236548,2012ApJS..203...21A,b'    564178420284549120',150.59498,2.7554494,filtered_data,sdss,564178420284549120,1385
LEDA 3346237,2020yCat.1350....0G,b'    564168799557806080',150.03378,2.7651593,filtered_data,sdss,564168799557806080,1386
NVSS J092236-002436,2020yCat.1350....0G,b'    533737887171110912',140.6524,-0.40902704,filtered_data,sdss,533737887171110912,1387
[VV2006] J092715.5+000401,2020yCat.1350....0G,b'    533829971269937152',141.81453,0.066963439,filtered_data,sdss,533829971269937152,1388
SDSS J092352.34-000120.8,2020yCat.1350....0G,b'    533804132746684416',140.96811,-0.022452917,filtered_data,sdss,533804132746684416,1389
Z   7-13,2020yCat.1350....0G,b'    536072155624925184',144.25437,1.0954984,filtered_data,sdss,536072155624925184,1390
IRAS 09095+0039,2020yCat.1350....0G,b'    531545460230350848',138.02438,0.44889148,filtered_data,sdss,531545460230350848,1391
3XMM J091205.4+002900,2020yCat.1350....0G,b'    531542711451281408',138.02213,0.4836621,filtered_data,sdss,531542711451281408,1392
Shk 348,2020ApJS..246....2A,b'    639554615611779072',141.63749,3.4875183,filtered_data,sdss,639554615611779072,1393
[VV2006] J095743.3+024823,2020yCat.1350....0G,b'    563072032665790464',149.43057,2.8066272,filtered_data,sdss,563072032665790464,1394
SDSS J095944.06+041017.0,2020yCat.1350....0G,b'    644150849680992256',149.93364,4.1713935,filtered_data,sdss,644150849680992256,1395
2MASS J09311779+0331194,2020yCat.1350....0G,b'    639521355385038848',142.82419,3.522116,filtered_data,sdss,639521355385038848,1396
2MASS J09245524+0510521,2020yCat.1350....0G,b'   1115796265033033728',141.23021,5.1811284,filtered_data,sdss,1115796265033033728,1397
NVSS J092745+045614,2020yCat.1350....0G,b'   1116969992638720000',141.93885,4.9374423,filtered_data,sdss,1116969992638720000,1398
2MASS J09340617+0536234,2020yCat.1350....0G,b'   1117034314068944896',143.52576,5.6065533,filtered_data,sdss,1117034314068944896,1399
LEDA 1313089,2009ApJS..182..543A,b'   1389446017774020608',144.95348,7.0658857,filtered_data,sdss,1389446017774020608,1400
LINEAR 17082055,2020yCat.1350....0G,b'   1389469107518203904',145.76113,8.5538571,filtered_data,sdss,1389469107518203904,1401
[VV2006] J101927.3+022521,2020yCat.1350....0G,b'    566455230028343296',154.86405,2.4226219,filtered_data,sdss,566455230028343296,1402
NGC  3387,2020yCat.1350....0G,b'    650941984088811520',162.04963,4.9985751,filtered_data,sdss,650941984088811520,1403
NGC  3326,2020yCat.1350....0G,b'    650862819251611648',159.88276,5.1076167,filtered_data,sdss,650862819251611648,1404
4FGL J1052.3+0818,2020yCat.1350....0G,b'   3248245495943948288',163.10224,8.235961,filtered_data,sdss,3248245495943948288,1405
Z  66-94,2020yCat.1350....0G,b'   1804877526380603392',165.25742,11.046922,filtered_data,sdss,1804877526380603392,1406
QSO J1032+0927,2020yCat.1350....0G,b'   1396210213475870720',158.08798,9.4635927,filtered_data,sdss,1396210213475870720,1407
[VV2006] J104311.5+112350,2020yCat.1350....0G,b'   1802653214290503680',160.79805,11.397166,filtered_data,sdss,1802653214290503680,1408
2MASS J10422577+1212396,2020yCat.1350....0G,b'   1801605379289802752',160.60739,12.211093,filtered_data,sdss,1801605379289802752,1409
[CJF89] NGC 3384 c,2020yCat.1350....0G,b'   1969224007278422016',162.04769,12.618192,filtered_data,sdss,1969224007278422016,1410
Z  66-33,2009ApJS..182..543A,b'   1969217135330748416',162.57901,13.271856,filtered_data,sdss,1969217135330748416,1411
SDSS J101028.68+053212.5,2012ApJS..203...21A,b'   1121418891512276992',152.61953,5.5368056,filtered_data,sdss,1121418891512276992,1412
GALEX J100356.3+053826,2020yCat.1350....0G,b'   1121477440506456064',150.98467,5.640443,filtered_data,sdss,1121477440506456064,1413
Z  63-98,2020yCat.1350....0G,b'   1470437972984752128',148.45513,9.1937885,filtered_data,sdss,1470437972984752128,1414
SDSS J095536.69+103752.3,2020yCat.1350....0G,b'   1470594103635896320',148.9029,10.631215,filtered_data,sdss,1470594103635896320,1415
Z  64-54,2020yCat.1350....0G,b'   1472725507882641408',151.43548,10.276778,filtered_data,sdss,1472725507882641408,1416
NGC  3357,2020yCat.1350....0G,b'   1969315266743527424',161.08641,14.084471,filtered_data,sdss,1969315266743527424,1417
MCG+02-27-013,2020yCat.1350....0G,b'   1967053841471924224',156.45252,13.727946,filtered_data,sdss,1967053841471924224,1418
2MASX J10095550+1401547,2020yCat.1350....0G,b'   2911577503917172736',152.48132,14.031762,filtered_data,sdss,2911577503917172736,1419
IC  607,2020yCat.1350....0G,b'   2916231186982397952',156.03573,16.741893,filtered_data,sdss,2916231186982397952,1420
[VV2006] J120550.2+020131,2020yCat.1350....0G,b'    582136465283115008',181.45912,2.0254517,filtered_data,sdss,582136465283115008,1421
SLACS SDSS J1204+0358,2009ApJS..182..543A,b'    948064936028825600',181.18363,3.9684335,filtered_data,sdss,948064936028825600,1422
ACO  1424,2008ApJS..176..414Y,b'    946998409733105664',179.37709,5.0901501,filtered_data,sdss,946998409733105664,1423
NGC  4029,2020yCat.1350....0G,b'   1827427409851344896',180.0132,8.1817218,filtered_data,sdss,1827427409851344896,1424
2MASX J12194890+0545311,2020yCat.1350....0G,b'    950418165823727616',184.95391,5.7588112,filtered_data,sdss,950418165823727616,1425
SDSS J122923.73+075359.2,2020yCat.1350....0G,b'   1831971148095580160',187.34891,7.8998008,filtered_data,sdss,1831971148095580160,1426
[JPB2009] 187.4353598+8.0081764,2020yCat.1350....0G,b'   1830885930102188032',187.43544,8.008247,filtered_data,sdss,1830885930102188032,1427
Z  42-36,2009ApJS..182..543A,b'   1830799618439407616',185.10538,6.9083658,filtered_data,sdss,1830799618439407616,1428
NGC  4246,2020yCat.1350....0G,b'   1829651172974159872',184.49216,7.1859143,filtered_data,sdss,1829651172974159872,1429
Z  42-27,2020ApJS..249....3A,b'   1829724565375313920',184.96887,7.7312209,filtered_data,sdss,1829724565375313920,1430
2MASS J12124981+0659451,2020yCat.1350....0G,b'   1828476898682890240',183.20766,6.9959571,filtered_data,sdss,1828476898682890240,1431
PMN J1215+0732,2020yCat.1350....0G,b'   1828613513002641408',183.79574,7.5346264,filtered_data,sdss,1828613513002641408,1432
LEDA 1326584,2020ApJS..249....3A,b'   1830777078451038208',185.57955,7.6237704,filtered_data,sdss,1830777078451038208,1433
NGC  4488,2020yCat.1350....0G,b'   1831987091014182912',187.71406,8.3599942,filtered_data,sdss,1831987091014182912,1434
2MASS J12311886+0823159,2020yCat.1350....0G,b'   1831984342235113472',187.82852,8.3876128,filtered_data,sdss,1831984342235113472,1435
NGC  4497,2020yCat.1350....0G,b'   1818343246074505216',187.88553,11.624718,filtered_data,sdss,1818343246074505216,1436
PKS 1227+119,2020yCat.1350....0G,b'   1818375131911710720',187.46805,11.677455,filtered_data,sdss,1818375131911710720,1437
[VV2006] J123024.8+115429,2020yCat.1350....0G,b'   1818360838260549632',187.60318,11.908172,filtered_data,sdss,1818360838260549632,1438
GALEX J121523.1+120301,2020yCat.1350....0G,b'   1814963072167602176',183.8462,12.050209,filtered_data,sdss,1814963072167602176,1439
IC 3078,2020yCat.1350....0G,b'   1815120027452467200',184.00018,12.687309,filtered_data,sdss,1815120027452467200,1440
LEDA   40574,2020yCat.1350....0G,b'   1818420761644263424',186.436,13.022104,filtered_data,sdss,1818420761644263424,1441
LEDA   40548,2020yCat.1350....0G,b'   1818417463109380096',186.40505,13.14372,filtered_data,sdss,1818417463109380096,1442
SDSS J113731.00+060748.6,2020ApJS..249....3A,b'   1822832825552889856',174.3792,6.130175,filtered_data,sdss,1822832825552889856,1443
ICRF J114027.7+120308,2020A&A...644A.159C,b'   1809350064200509440',175.11559,12.052305,filtered_data,sdss,1809350064200509440,1444
Z  68-29,2020yCat.1350....0G,b'   1809496574124910592',175.48349,12.586158,filtered_data,sdss,1809496574124910592,1445
[VV2006c] J114002.4+124101,2020yCat.1350....0G,b'   1809485304130725888',175.01003,12.683939,filtered_data,sdss,1809485304130725888,1446
QSO J1207+1211,2020A&A...644A.159C,b'   1813856688558598144',181.8026,12.196064,filtered_data,sdss,1813856688558598144,1447
IC 2994,2020yCat.1350....0G,b'   1813962241674864640',181.36611,12.702895,filtered_data,sdss,1813962241674864640,1448
[BKD2008] WR 386,2020yCat.1350....0G,b'   1984987432386324480',180.13925,13.718885,filtered_data,sdss,1984987432386324480,1449
IC 3056,2009ApJS..182..543A,b'   1815105733801306112',183.65392,12.811861,filtered_data,sdss,1815105733801306112,1450
IC 3019,2009ApJS..182..543A,b'   1987281563448010752',182.34275,13.992428,filtered_data,sdss,1987281563448010752,1451
IC  781,2020yCat.1350....0G,b'   1989572945176979456',185.01373,14.961523,filtered_data,sdss,1989572945176979456,1452
4C 14.46,2020yCat.1350....0G,b'   1988409662411663360',183.61052,14.049697,filtered_data,sdss,1988409662411663360,1453
NGC  4192B,2020yCat.1350....0G,b'   1988400041684920320',183.52719,14.72581,filtered_data,sdss,1988400041684920320,1454
SDSS J121721.17+143706.6,2020yCat.1350....0G,b'   1988378326330271744',184.33825,14.618517,filtered_data,sdss,1988378326330271744,1455
LBQS 1205+1436,2020yCat.1350....0G,b'   1987287335884056576',182.10574,14.32254,filtered_data,sdss,1987287335884056576,1456
IC 3023,2009ApJS..182..543A,b'   1987275516134057984',182.50727,14.366874,filtered_data,sdss,1987275516134057984,1457
SDSS J120954.14+142319.7,2020yCat.1350....0G,b'   1986093266273069056',182.47559,14.388817,filtered_data,sdss,1986093266273069056,1458
LBQS 1203+1530,2020yCat.1350....0G,b'   1986229605714913280',181.60907,15.226566,filtered_data,sdss,1986229605714913280,1459
ACO  1390,2020ApJS..246....2A,b'   1811626604015675392',177.35303,12.309692,filtered_data,sdss,1811626604015675392,1460
NGC  3996,2020yCat.1350....0G,b'   1985014920177018880',179.44192,14.29742,filtered_data,sdss,1985014920177018880,1461
Z  97-166,2020yCat.1350....0G,b'   1983967909424162816',177.89422,15.475343,filtered_data,sdss,1983967909424162816,1462
2MASS J12033793+1530065,2020yCat.1350....0G,b'   1986200743534684160',180.908,15.501865,filtered_data,sdss,1986200743534684160,1463
Z  98-15,2020yCat.1350....0G,b'   1985109753054914560',179.69625,15.716281,filtered_data,sdss,1985109753054914560,1464
NGC  3933,2020yCat.1350....0G,b'   2828313957347911680',178.00853,16.80969,filtered_data,sdss,2828313957347911680,1465
IC 3773,2020yCat.1350....0G,b'   2016581637604665344',191.81375,10.203585,filtered_data,sdss,2016581637604665344,1466
LEDA 1384624,2012ApJS..203...21A,b'   2014350453516560384',190.947,10.799707,filtered_data,sdss,2014350453516560384,1467
LEDA   42566,2020ApJS..249....3A,b'   2014327363772377088',190.36413,11.14589,filtered_data,sdss,2014327363772377088,1468
Z  71-18,2009ApJS..182..543A,b'   1907334973581453312',190.96275,11.467,filtered_data,sdss,1907334973581453312,1469
SDSS J124406.96+113524.2,2020yCat.1350....0G,b'   1907330025779128320',191.02902,11.590072,filtered_data,sdss,1907330025779128320,1470
IC 3775,2009ApJS..182..543A,b'   1907303087744247808',191.81708,11.76022,filtered_data,sdss,1907303087744247808,1471
NGC  4640,2020yCat.1350....0G,b'   1907394896965167104',190.74072,12.286971,filtered_data,sdss,1907394896965167104,1472
2MASX J12353723+1222554,2020yCat.1350....0G,b'   1819508728450279424',188.90522,12.382027,filtered_data,sdss,1819508728450279424,1473
SDSS J125414.23+131348.1,2020yCat.1350....0G,b'   1908511176162043904',193.55932,13.230039,filtered_data,sdss,1908511176162043904,1474
SDSS J130324.21+134045.0,2020yCat.1350....0G,b'   1993969068582922240',195.85092,13.679175,filtered_data,sdss,1993969068582922240,1475
SDSS J125612.97+144121.0,2020yCat.1350....0G,b'   1994040811716634624',194.05407,14.689191,filtered_data,sdss,1994040811716634624,1476
LEDA   41495,2020yCat.1350....0G,b'   1818488381609371648',187.96669,12.481806,filtered_data,sdss,1818488381609371648,1477
IC 3457,2020yCat.1350....0G,b'   1819550235014227968',187.96393,12.656991,filtered_data,sdss,1819550235014227968,1478
QSO B1231+132,2020yCat.1350....0G,b'   1819570026223527936',188.44256,13.151596,filtered_data,sdss,1819570026223527936,1479
LEDA   42057,2009ApJS..182..543A,b'   1819578547438643200',189.12542,13.54252,filtered_data,sdss,1819578547438643200,1480
NGC  4633,2020yCat.1350....0G,b'   1991745031504947200',190.65574,14.357203,filtered_data,sdss,1991745031504947200,1481
2MASX J12344516+1433262,2020yCat.1350....0G,b'   1990612808399611904',188.68832,14.557387,filtered_data,sdss,1990612808399611904,1482
NGC  4446,2020yCat.1350....0G,b'   1989468216694433792',187.0283,13.911754,filtered_data,sdss,1989468216694433792,1483
NGC  4516,2020yCat.1350....0G,b'   1990633699120539648',188.2814,14.574945,filtered_data,sdss,1990633699120539648,1484
NGC  4421,2020yCat.1350....0G,b'   1990688399824021504',186.76058,15.461483,filtered_data,sdss,1990688399824021504,1485
SDSS J124444.35+161621.7,2020yCat.1350....0G,b'   2927355222139365376',191.18483,16.272715,filtered_data,sdss,2927355222139365376,1486
4C 16.33,2020yCat.1350....0G,b'   2927421467714938880',189.11479,16.538686,filtered_data,sdss,2927421467714938880,1487
QSO J1244+1721B,2020yCat.1350....0G,b'   2927493760604465152',191.04512,17.351263,filtered_data,sdss,2927493760604465152,1488
LEDA 1530308,2020ApJS..249....3A,b'   2928553413274789888',190.88609,17.334526,filtered_data,sdss,2928553413274789888,1489
2MASS J13162854+1741126,2020yCat.1350....0G,b'   2931993241106540544',199.119,17.686831,filtered_data,sdss,2931993241106540544,1490
LEDA 3806321,2020yCat.1350....0G,b'   2985958921467881472',200.10056,21.306724,filtered_data,sdss,2985958921467881472,1491
IC 4141,2020yCat.1350....0G,b'   2946566168523073536',196.03221,19.210646,filtered_data,sdss,2946566168523073536,1492
IC 4130,2020yCat.1350....0G,b'   2946563694621911040',195.94414,19.271538,filtered_data,sdss,2946563694621911040,1493
MCXC J1311.7+2201,2012ApJ...752...12H,b'   2984835770323331072',197.94248,22.027023,filtered_data,sdss,2984835770323331072,1494
IC  841,2020yCat.1350....0G,b'   2982515246083631104',194.94724,21.81321,filtered_data,sdss,2982515246083631104,1495
SDSS J121903.98+152608.5,2020yCat.1350....0G,b'   1988492400661653504',184.7666,15.4357,filtered_data,sdss,1988492400661653504,1496
NGC  4239,2020yCat.1350....0G,b'   2922841451425458176',184.31226,16.531322,filtered_data,sdss,2922841451425458176,1497
IC 3605,2009ApJS..182..543A,b'   2942024360514316288',189.5873,19.541321,filtered_data,sdss,2942024360514316288,1498
NGC  4529,2009ApJS..182..543A,b'   2940999890538358784',187.92654,20.481652,filtered_data,sdss,2940999890538358784,1499
NGC  4147   103,2020yCat.1350....0G,b'   2937506467151898624',182.56685,18.577099,filtered_data,sdss,2937506467151898624,1500
NGC  4155,2020yCat.1350....0G,b'   2937498220814690304',182.69037,19.040836,filtered_data,sdss,2937498220814690304,1501
LEDA 1616479,2020yCat.1350....0G,b'   2937611745390258176',182.37339,20.103711,filtered_data,sdss,2937611745390258176,1502
2MASS J12254197+2055033,2020yCat.1350....0G,b'   2940941341544179712',186.4248,20.917589,filtered_data,sdss,2940941341544179712,1503
QSO B1222+226,2020yCat.1350....0G,b'   2979178782528661504',186.32483,22.338527,filtered_data,sdss,2979178782528661504,1504
Mrk  438,2020yCat.1350....0G,b'   2978014399681292288',185.72235,22.447391,filtered_data,sdss,2978014399681292288,1505
4FGL J1224.1+2239,2020yCat.1350....0G,b'   2979249975906560000',186.00434,22.660988,filtered_data,sdss,2979249975906560000,1506
IC 3730,2015ApJS..219...12A,b'   2943212932583942144',191.27733,21.169575,filtered_data,sdss,2943212932583942144,1507
2MASS J12580745+2329216,2020yCat.1350....0G,b'   2997226166823184384',194.53106,23.489345,filtered_data,sdss,2997226166823184384,1508
SDSS J125017.90+252427.6,2020yCat.1350....0G,b'   2996141773480290304',192.5746,25.407672,filtered_data,sdss,2996141773480290304,1509
2MASX J12515430+2604002,2020ApJS..249....3A,b'   2996135726166337536',192.9769,26.066905,filtered_data,sdss,2996135726166337536,1510
SDSS J125610.42+260103.4,2020yCat.1350....0G,b'   2996180256387262464',194.04346,26.01764,filtered_data,sdss,2996180256387262464,1511
IC  795,2020yCat.1350....0G,b'   2979297254906554368',187.13057,23.304937,filtered_data,sdss,2979297254906554368,1512
UCAC4 576-049391,2012yCat.1322....0Z,b'   2993931754991020032',189.14273,25.010541,filtered_data,sdss,2993931754991020032,1513
[MBF2001] J123830.04+245032.1,2001AJ....121.1192M,b'   2993775624339875840',189.62515,24.842255,filtered_data,sdss,2993775624339875840,1514
CRTS J122650.8+235600,2020yCat.1350....0G,b'   2979287634179811328',186.71195,23.933432,filtered_data,sdss,2979287634179811328,1515
2MASS J12443158+2547208,2020yCat.1350....0G,b'   2995048858905503744',191.13161,25.789138,filtered_data,sdss,2995048858905503744,1516
LEDA 1799737,2020ApJS..249....3A,b'   2519772858155034624',193.01401,27.165974,filtered_data,sdss,2519772858155034624,1517
NGC  4556,2020yCat.1350....0G,b'   2517576850570504192',188.94107,26.908891,filtered_data,sdss,2517576850570504192,1518
NGC  4563,2020yCat.1350....0G,b'   2516403398765471744',189.05365,26.941451,filtered_data,sdss,2516403398765471744,1519
NGC  4559A,2020yCat.1350....0G,b'   2517632650785613824',189.22268,27.862036,filtered_data,sdss,2517632650785613824,1520
V* DV Com,2020yCat.1350....0G,b'   2517674157349562368',190.97666,28.02105,filtered_data,sdss,2517674157349562368,1521
IC 2767,2009ApJS..182..543A,b'   1807224707871696896',170.59662,13.077808,filtered_data,sdss,1807224707871696896,1522
Z  95-71,2020yCat.1350....0G,b'   1970460133242726400',164.0152,14.486415,filtered_data,sdss,1970460133242726400,1523
SDSS J111516.15+144154.9,2009ApJS..182..543A,b'   1972718805356406784',168.81733,14.698611,filtered_data,sdss,1972718805356406784,1524
QSO B1111+149,2020A&A...644A.159C,b'   1972705886094780416',168.49457,14.707495,filtered_data,sdss,1972705886094780416,1525
SDSS J114030.07+154231.5,2020yCat.1350....0G,b'   1982801052054874112',175.12529,15.708771,filtered_data,sdss,1982801052054874112,1526
QSO B1133+16,2020yCat.1350....0G,b'   2818151720775870464',174.07308,16.031171,filtered_data,sdss,2818151720775870464,1527
LEDA  200274,2020MNRAS.494.1784A,b'   2823789741843965952',176.48294,17.173765,filtered_data,sdss,2823789741843965952,1528
Z  97-50,2020yCat.1350....0G,b'   2823864233756747776',175.06706,17.457232,filtered_data,sdss,2823864233756747776,1529
CRTS J113910.7+182149,2020yCat.1350....0G,b'   2821571482235201536',174.79519,18.363644,filtered_data,sdss,2821571482235201536,1530
LEDA 1613273,2020yCat.1350....0G,b'   2831802712826341376',179.11746,20.010177,filtered_data,sdss,2831802712826341376,1531
NGC  3873,2020yCat.1350....0G,b'   2821676760473561088',176.44213,19.773761,filtered_data,sdss,2821676760473561088,1532
Z  97-131,2020yCat.1350....0G,b'   2825020100472498176',176.31191,19.84554,filtered_data,sdss,2825020100472498176,1533
NGC  3841,2020yCat.1350....0G,b'   2825001683652732928',176.00901,19.971921,filtered_data,sdss,2825001683652732928,1534
ACO  1235,2020ApJS..246....2A,b'   2809273169733511168',170.85875,19.583314,filtered_data,sdss,2809273169733511168,1535
2MASX J11295416+2040437,2020yCat.1350....0G,b'   2814764680608770048',172.47549,20.678805,filtered_data,sdss,2814764680608770048,1536
UGC  6461,2020yCat.1350....0G,b'   2810255033667446784',171.95482,21.386123,filtered_data,sdss,2810255033667446784,1537
NGC  3750,2020ApJS..249....3A,b'   2819406818718017536',174.46516,21.97424,filtered_data,sdss,2819406818718017536,1538
2MASX J11375047+2200450,2020yCat.1350....0G,b'   2819406268962203648',174.46041,22.012543,filtered_data,sdss,2819406268962203648,1539
QSO B1132+2243,2020yCat.1350....0G,b'   2819390875799414784',173.78372,22.45434,filtered_data,sdss,2819390875799414784,1540
NGC  3772,2020ApJS..249....3A,b'   2822747404837611520',174.45199,22.69129,filtered_data,sdss,2822747404837611520,1541
V* BB Leo,2020yCat.1350....0G,b'   2820445302031411200',174.56722,23.566444,filtered_data,sdss,2820445302031411200,1542
2MASS J10520355+1519294,2020yCat.1350....0G,b'   2795665608409114624',163.0148,15.324888,filtered_data,sdss,2795665608409114624,1543
NGC  3399,2020yCat.1350....0G,b'   2795686499130042368',162.365,16.218556,filtered_data,sdss,2795686499130042368,1544
QSO B1056+162,2020yCat.1350....0G,b'   2800174155838810112',164.76694,16.012715,filtered_data,sdss,2800174155838810112,1545
NGC  3447b,2009ApJS..182..543A,b'   2795739275688175616',163.37358,16.786023,filtered_data,sdss,2795739275688175616,1546
2MASS J10424423+1646560,2020yCat.1350....0G,b'   2792335187671803904',160.68434,16.78227,filtered_data,sdss,2792335187671803904,1547
2XMM J104450.5+213207,2020yCat.1350....0G,b'   2790102083682985984',161.21023,21.535008,filtered_data,sdss,2790102083682985984,1548
Mrk  417,2020yCat.1350....0G,b'   2793432229341063168',162.37886,22.964555,filtered_data,sdss,2793432229341063168,1549
2MASX J11190672+2118292,2020yCat.1350....0G,b'   2810320179731392512',169.77785,21.307996,filtered_data,sdss,2810320179731392512,1550
LEDA 1666589,2020ApJS..249....3A,b'   2810384776039524352',170.67875,22.260701,filtered_data,sdss,2810384776039524352,1551
LEDA 1676859,2020ApJS..249....3A,b'   2810414737731381248',171.41174,22.83118,filtered_data,sdss,2810414737731381248,1552
2MASX J11240382+2320345,2020yCat.1350....0G,b'   2811428761927444480',171.01601,23.34295,filtered_data,sdss,2811428761927444480,1553
LEDA 1691116,2020ApJS..249....3A,b'   2811427662415816704',171.10388,23.648582,filtered_data,sdss,2811427662415816704,1554
LEDA 1740743,2020ApJS..249....3A,b'   2495060502808389632',170.11367,25.552887,filtered_data,sdss,2495060502808389632,1555
NGC  3534B,2020yCat.1350....0G,b'   2490644314254764032',167.23819,26.596142,filtered_data,sdss,2490644314254764032,1556
2MASX J11182171+2812323,2020yCat.1350....0G,b'   2493892546548230144',169.59052,28.20897,filtered_data,sdss,2493892546548230144,1557
Z 156-42,2020yCat.1350....0G,b'   2493998924298217472',169.0946,29.252294,filtered_data,sdss,2493998924298217472,1558
MACSg J115000.37+221833.3,2009ApJS..182..543A,b'   2829484941660678144',177.50165,22.309214,filtered_data,sdss,2829484941660678144,1559
2MASX J11550897+2326227,2020yCat.1350....0G,b'   2829530571393230848',178.7874,23.439868,filtered_data,sdss,2829530571393230848,1560
AGC 211956,2020yCat.1350....0G,b'   2830534970919905280',178.89811,23.518718,filtered_data,sdss,2830534970919905280,1561
3C 269,2020yCat.1350....0G,b'   2991665386715375616',184.48701,25.49099,filtered_data,sdss,2991665386715375616,1562
NGC  4146,2020yCat.1350....0G,b'   2509701050357803008',182.57607,26.430736,filtered_data,sdss,2509701050357803008,1563
LEDA 1733616,2020ApJS..249....3A,b'   2830663338902448128',179.06,25.354126,filtered_data,sdss,2830663338902448128,1564
LEDA 1745275,2020ApJS..249....3A,b'   2830616609658267648',178.1838,25.674215,filtered_data,sdss,2830616609658267648,1565
LEDA 1793583,2020yCat.1350....0G,b'   2509715618886871040',181.88117,26.95782,filtered_data,sdss,2509715618886871040,1566
SDSS J120340.98+273251.5,2020ApJS..249....3A,b'   2506393169558530048',180.92079,27.547662,filtered_data,sdss,2506393169558530048,1567
IC 3112,2020yCat.1350....0G,b'   2991671708907235328',184.4515,26.030713,filtered_data,sdss,2991671708907235328,1568
NGC  4393,2020yCat.1350....0G,b'   2511891552280799232',186.46387,27.560804,filtered_data,sdss,2511891552280799232,1569
2MASS J12155532+2656572,2020yCat.1350....0G,b'   2511955598833117184',183.98057,26.949211,filtered_data,sdss,2511955598833117184,1570
NGC  4275,2020yCat.1350....0G,b'   2512023768554039296',184.96908,27.621004,filtered_data,sdss,2512023768554039296,1571
2MASS J12131919+2708417,2020yCat.1350....0G,b'   2511966044193581056',183.32994,27.144867,filtered_data,sdss,2511966044193581056,1572
NGC  4585,2020yCat.1350....0G,b'   2517635674442590208',189.55534,28.937016,filtered_data,sdss,2517635674442590208,1573
GALEX J123843.9+291004,2020yCat.1350....0G,b'   2518704951161546752',189.68302,29.167623,filtered_data,sdss,2518704951161546752,1574
LEDA   41898,2020ApJS..249....3A,b'   2219160044631517184',188.77407,31.239934,filtered_data,sdss,2219160044631517184,1575
[RCD2020] J185.04694+30.33564,2020yCat.1350....0G,b'   2510929479321282560',185.04693,30.335603,filtered_data,sdss,2510929479321282560,1576
2MASX J12141820+2931464,2020yCat.1350....0G,b'   2508511103814756352',183.57608,29.529648,filtered_data,sdss,2508511103814756352,1577
7C 1208+3213,2020yCat.1350....0G,b'   2256355153055606784',182.65654,31.951674,filtered_data,sdss,2256355153055606784,1578
LEDA 3096143,2020yCat.1350....0G,b'   2266611124000548864',186.95475,32.249702,filtered_data,sdss,2266611124000548864,1579
Case A-F   38,2020yCat.1350....0G,b'   2256320793317238784',183.75647,32.038925,filtered_data,sdss,2256320793317238784,1580
7C 121132.7+332625,2020yCat.1350....0G,b'   2250753412264126464',183.51713,33.162669,filtered_data,sdss,2250753412264126464,1581
V* AT CVn,2020yCat.1350....0G,b'   2250721526426920960',184.57104,33.66555,filtered_data,sdss,2250721526426920960,1582
LEDA 1728170,2020ApJS..249....3A,b'   2820509623461636096',174.87611,25.188633,filtered_data,sdss,2820509623461636096,1583
2MASS J11391513+2535579,2020yCat.1350....0G,b'   2820517869798844416',174.81307,25.599419,filtered_data,sdss,2820517869798844416,1584
NGC  3826,2020yCat.1350....0G,b'   2500683130344597504',175.63687,26.488892,filtered_data,sdss,2500683130344597504,1585
NGC  3891,2020yCat.1350....0G,b'   2501900289833986048',177.01398,30.359329,filtered_data,sdss,2501900289833986048,1586
PB  3047,2020yCat.1350....0G,b'   2499633096790403072',174.22928,29.858654,filtered_data,sdss,2499633096790403072,1587
Was  28,2009ApJS..182..543A,b'   2260934339678201856',175.39991,32.281663,filtered_data,sdss,2260934339678201856,1588
SDSS J120553.03+332711.2,2020yCat.1350....0G,b'   2358915394258888704',181.47099,33.453139,filtered_data,sdss,2358915394258888704,1589
NGC  3994,2020yCat.1350....0G,b'   2358855745753081856',179.40361,32.277617,filtered_data,sdss,2358855745753081856,1590
Z 187-36,2020yCat.1350....0G,b'   2250820757351327744',184.62323,35.622239,filtered_data,sdss,2250820757351327744,1591
QSO J1151+3355,2020yCat.1350....0G,b'   2361172691915925504',177.91534,33.928179,filtered_data,sdss,2361172691915925504,1592
LEDA   36541,2020yCat.1350....0G,b'   2248456806328199168',176.12448,36.885735,filtered_data,sdss,2248456806328199168,1593
IC 3022,2020yCat.1350....0G,b'   2373561164001994752',182.50992,38.739973,filtered_data,sdss,2373561164001994752,1594
6C 120402+395719,2020yCat.1350....0G,b'   2373543571815950336',181.65436,39.684377,filtered_data,sdss,2373543571815950336,1595
4C 38.32,2020ApJS..249....3A,b'   2282317641144100864',178.47017,38.196824,filtered_data,sdss,2282317641144100864,1596
NGC  6941,2020yCat.1350....0G,b'    713910737197623296',309.0978,-4.6187396,filtered_data,sdss,713910737197623296,1597
SDSS J203708.93-002346.1,2020yCat.1350....0G,b'   1104587838936082432',309.28722,-0.3961505,filtered_data,sdss,1104587838936082432,1598
2MASS J20515725-0111317,2009ApJS..182..543A,b'   1106830293035149312',312.98851,-1.1922979,filtered_data,sdss,1106830293035149312,1599
SDSS J205025.82-011103.7,2020yCat.1350....0G,b'   1256504620105099264',312.6076,-1.184387,filtered_data,sdss,1256504620105099264,1600
SDSS J205122.47-004219.2,2020yCat.1350....0G,b'   1255448813762537472',312.84366,-0.70536062,filtered_data,sdss,1255448813762537472,1601
Z 374-30,2020yCat.1350....0G,b'   1106788786471200768',313.90214,-0.63659525,filtered_data,sdss,1106788786471200768,1602
1RXS J205528.2-002123,2020yCat.1350....0G,b'   1106789061349107712',313.86763,-0.35476747,filtered_data,sdss,1106789061349107712,1603
LEDA 1150959,2020ApJS..249....3A,b'   1106789611104921600',313.62688,-0.13913079,filtered_data,sdss,1106789611104921600,1604
[VV2006] J205724.2-003019,2020yCat.1350....0G,b'   1107936951471728640',314.35063,-0.50521002,filtered_data,sdss,1107936951471728640,1605
GALEX J205233.5-001610,2020yCat.1350....0G,b'   1105638972572329984',313.13966,-0.26963537,filtered_data,sdss,1105638972572329984,1606
[VV2006] J204956.6-001201,2020yCat.1350....0G,b'   1105658763781629952',312.48591,-0.20048362,filtered_data,sdss,1105658763781629952,1607
SDSS J205407.92+005400.9,2020yCat.1350....0G,b'   1255526879088109568',313.53302,0.90025504,filtered_data,sdss,1255526879088109568,1608
2MASS J20430627-0032382,2020yCat.1350....0G,b'   1104521868238415872',310.77613,-0.54409628,filtered_data,sdss,1104521868238415872,1609
NGC  6965,2020yCat.1350....0G,b'   1105763217386268672',311.83488,0.48405675,filtered_data,sdss,1105763217386268672,1610
[VV2006] J161844.9-004329,2020yCat.1350....0G,b'    389596030787676160',244.68721,-0.72494424,filtered_data,sdss,389596030787676160,1611
Z  23-31,2020yCat.1350....0G,b'    389691963177199616',244.18151,0.24646131,filtered_data,sdss,389691963177199616,1612
LINEAR 17752176,2020yCat.1350....0G,b'    389722749502777344',245.10812,0.63893479,filtered_data,sdss,389722749502777344,1613
SDSS J155023.03-000023.8,2015ApJS..219...12A,b'    385078137475590144',237.59599,-0.0066200149,filtered_data,sdss,385078137475590144,1614
Z  22-40,2020yCat.1350....0G,b'    385206505458132992',237.33037,0.18265112,filtered_data,sdss,385206505458132992,1615
LEDA 1150068,2020yCat.1350....0G,b'    385119644039538688',236.56441,-0.17373699,filtered_data,sdss,385119644039538688,1616
QSO J1553+0056,2020yCat.1350....0G,b'    386284026870130688',238.49985,0.94481355,filtered_data,sdss,386284026870130688,1617
GALEX J155853.1+023138,2020yCat.1350....0G,b'    669947861907040256',239.72173,2.5273058,filtered_data,sdss,669947861907040256,1618
V* V519 Ser,2020yCat.1350....0G,b'   2052540884137830400',242.53129,3.8757684,filtered_data,sdss,2052540884137830400,1619
[KMA2007] 229.35068-00.73816,2015MNRAS.449.2345P,b'    351327253637916672',229.35069,-0.73816024,filtered_data,sdss,351327253637916672,1620
Cl* Palomar    5    SAW V3,2020yCat.1350....0G,b'    351342921678612480',229.0532,-0.16749466,filtered_data,sdss,351342921678612480,1621
Z  21-62,2020yCat.1350....0G,b'    351391575068141568',229.10433,0.70805129,filtered_data,sdss,351391575068141568,1622
Z  21-17,2020yCat.1350....0G,b'    349039724746270720',227.22479,-0.19693598,filtered_data,sdss,349039724746270720,1623
[SHM2017] J229.52823+01.30291,2020yCat.1350....0G,b'   3323681890254219264',229.52826,1.3028905,filtered_data,sdss,3323681890254219264,1624
2MASS J15450323+0156143,2020yCat.1350....0G,b'   3327194005321574400',236.26349,1.9374218,filtered_data,sdss,3327194005321574400,1625
[VV2006] J154757.7+060627,2020yCat.1350....0G,b'   2050279726412490752',236.99049,6.1074076,filtered_data,sdss,2050279726412490752,1626
QSO B1616+063,2020A&A...644A.159C,b'   1948954244384057344',244.76536,6.2172969,filtered_data,sdss,1948954244384057344,1627
2MASS J16171142+0638333,2020yCat.1350....0G,b'   1950127691743127552',244.2976,6.6426377,filtered_data,sdss,1950127691743127552,1628
SDSS J161910.48+064223.2,2020yCat.1350....0G,b'   1950094431516387328',244.79369,6.706467,filtered_data,sdss,1950094431516387328,1629
SDSS J163032.17+091346.5,2020ApJS..249....3A,b'   2850913606168504320',247.63409,9.2295915,filtered_data,sdss,2850913606168504320,1630
Z  80-23,2020yCat.1350....0G,b'   2850881445453391872',246.05195,9.2142684,filtered_data,sdss,2850881445453391872,1631
LEDA 1383172,2012ApJS..203...21A,b'   2846290984105437184',244.26418,10.693468,filtered_data,sdss,2846290984105437184,1632
FIRST J161026.1+103937,2020yCat.1350....0G,b'   2844177448063494144',242.60892,10.660354,filtered_data,sdss,2844177448063494144,1633
LEDA 1410207,2020ApJS..249....3A,b'   2843007567473436672',241.13353,12.475169,filtered_data,sdss,2843007567473436672,1634
IC 1198,2020yCat.1350....0G,b'   2843043576479246336',242.15156,12.330989,filtered_data,sdss,2843043576479246336,1635
SDSS J163425.34+113648.9,2020ApJS..249....3A,b'   2851946872153597952',248.6056,11.613587,filtered_data,sdss,2851946872153597952,1636
SDSS J162845.61+124926.4,2015ApJS..219...12A,b'   2848702201528870912',247.19005,12.824006,filtered_data,sdss,2848702201528870912,1637
1RXS J163717.1+131418,2020yCat.1350....0G,b'   2488320492168046592',249.31973,13.244114,filtered_data,sdss,2488320492168046592,1638
UCM 1612+1308,2020ApJS..249....3A,b'   2845189548298758144',243.82094,13.025855,filtered_data,sdss,2845189548298758144,1639
LEDA 1461683,2020yCat.1350....0G,b'   2479340231468279808',245.35437,14.579355,filtered_data,sdss,2479340231468279808,1640
LEDA 1454640,2020yCat.1350....0G,b'   2474780287775565824',244.41321,14.302193,filtered_data,sdss,2474780287775565824,1641
SDSS J162316.57+154811.9,2020ApJS..249....3A,b'   2486096460811102208',245.81907,15.803311,filtered_data,sdss,2486096460811102208,1642
GALEX J163630.5+204920,2020yCat.1350....0G,b'   1868029077995153408',249.12754,20.822239,filtered_data,sdss,1868029077995153408,1643
Z 139-1,2009ApJS..182..543A,b'   1766673621306075136',251.8606,21.125683,filtered_data,sdss,1766673621306075136,1644
LEDA 1650470,2020yCat.1350....0G,b'   1901648019615410176',257.69512,21.459141,filtered_data,sdss,1901648019615410176,1645
SDSS J165726.81+234528.1,2020yCat.1350....0G,b'   1899480058955851776',254.36172,23.757818,filtered_data,sdss,1899480058955851776,1646
2MASS J17153168+2715455,2020yCat.1350....0G,b'   1102363251900966912',258.88196,27.262644,filtered_data,sdss,1102363251900966912,1647
LEDA 1826843,2020ApJS..249....3A,b'   1103480355781896192',258.66407,28.119386,filtered_data,sdss,1103480355781896192,1648
2MASS J17193058+2934127,2020yCat.1350....0G,b'   1103497123334219776',259.87737,29.570236,filtered_data,sdss,1103497123334219776,1649
QSO J0322-0558,2020yCat.1350....0G,b'    518029438147913728',50.608731,-5.9735394,filtered_data,sdss,518029438147913728,1650
Mrk 1055,2020yCat.1350....0G,b'    513423308826372096',42.077324,-8.9604657,filtered_data,sdss,513423308826372096,1651
LEDA 1000629,2020ApJS..249....3A,b'    514603359529887744',43.038055,-8.6741813,filtered_data,sdss,514603359529887744,1652
NGC  1082,2020yCat.1350....0G,b'    513547553640310784',41.421867,-8.1805247,filtered_data,sdss,513547553640310784,1653
GALEX J023520.0-093456,2020yCat.1350....0G,b'    512342763757398016',38.833413,-9.5823174,filtered_data,sdss,512342763757398016,1654
SDSS J022849.51-090153.8,2020yCat.1350....0G,b'    511188551409362944',37.206315,-9.0316069,filtered_data,sdss,511188551409362944,1655
SDSS J024002.10-082936.2,2020yCat.1350....0G,b'    512316100600424448',40.00876,-8.4933874,filtered_data,sdss,512316100600424448,1656
SDSS J024007.01-081344.3,2015ApJS..219...12A,b'    513494227326363648',40.029248,-8.2290029,filtered_data,sdss,513494227326363648,1657
GALEX J023637.3-073428,2020yCat.1350....0G,b'    512395265437624320',39.155936,-7.5748648,filtered_data,sdss,512395265437624320,1658
LEDA 1017261,2009ApJS..182..543A,b'    513503573175199744',40.69534,-7.5420834,filtered_data,sdss,513503573175199744,1659
[VV2006] J030019.6-084610,2020yCat.1350....0G,b'    515740255022770176',45.081609,-8.7694862,filtered_data,sdss,515740255022770176,1660
GALEX J030254.2-081116,2020yCat.1350....0G,b'    515712767232075776',45.726348,-8.1878978,filtered_data,sdss,515712767232075776,1661
LEDA 1015066,2020ApJS..249....3A,b'    515710568208820224',46.206875,-7.6657462,filtered_data,sdss,515710568208820224,1662
LEDA 1140866,2012ApJS..203...21A,b'    349101847153240064',225.37821,-0.53968399,filtered_data,sdss,349101847153240064,1663
RX J2125.0-0813,2020yCat.1350....0G,b'    720611711417083904',321.25503,-8.2246179,filtered_data,sdss,720611711417083904,1664
[OOP2020] MACS J2129.4-0741 BCG,2012ApJS..203...21A,b'    720596868010108928',322.35884,-7.6910708,filtered_data,sdss,720596868010108928,1665
[VV2006] J210831.6-063022,2020yCat.1350....0G,b'    718441548345272320',317.13152,-6.5062773,filtered_data,sdss,718441548345272320,1666
Mrk  508,2020yCat.1350....0G,b'    713983030087149568',310.55285,-5.578594,filtered_data,sdss,713983030087149568,1667
4C 65.22,2020ApJS..249....3A,39633448842822472,266.80796629448093,65.54320163014532,filtered_by_name,desi,39633448842822472,1668
2MASX J12592491+2744198,2020yCat.1350....0G,39628433268935912,194.85390541090115,27.73883757348275,filtered_by_name,desi,39628433268935912,1669
IC 3976,2020yCat.1350....0G,39628433268936236,194.87252625966812,27.850135400802845,filtered_by_name,desi,39628433268936236,1670
IC 3976,2020yCat.1350....0G,2305843020093722514,194.872506906271,27.85014013689483,filtered_by_name,desi,2305843020093722514,1671
IC 4042,2020yCat.1350....0G,39628438620868698,195.17818355075832,27.97127414871298,filtered_by_name,desi,39628438620868698,1672
IC 4042,2020yCat.1350....0G,2305843020093720046,195.1781639675819,27.971272963628103,filtered_by_name,desi,2305843020093720046,1673
IC 4051,2020yCat.1350....0G,39628438620869729,195.22694070388152,28.007631760259866,filtered_by_name,desi,39628438620869729,1674
IC 4041,2020yCat.1350....0G,39628438620868553,195.1702376937788,27.996602070899065,filtered_by_name,desi,39628438620868553,1675
IC 3973,2020yCat.1350....0G,39628438616674190,194.878446168386,27.884212077145,filtered_by_name,desi,39628438616674190,1676
IC 3973,2020yCat.1350....0G,2305843020093719882,194.8784276454035,27.884213790532232,filtered_by_name,desi,2305843020093719882,1677
IC 3998,2020yCat.1350....0G,39628438616675858,194.94492821988783,27.97384141209844,filtered_by_name,desi,39628438616675858,1678
IC 4026,2020yCat.1350....0G,39628438620867038,195.09226441408828,28.046999626482325,filtered_by_name,desi,39628438620867038,1679
IC 4045,2020yCat.1350....0G,39628438620869215,195.20273233730856,28.090737860669343,filtered_by_name,desi,39628438620869215,1680
IC 4045,2020yCat.1350....0G,2305843020093722109,195.2027162194322,28.090741376369987,filtered_by_name,desi,2305843020093722109,1681
SDSS J141711.07+522540.8,2021A&A...647A..89N,39633286359682002,214.29615019240416,52.42798722919276,filtered_by_name,desi,39633286359682002,1682
SDSS J141935.58+525710.7,2020yCat.1350....0G,39633293708100828,214.89825970564425,52.95297704120552,filtered_by_name,desi,39633293708100828,1683
LBQS 1442-0011,2020yCat.1350....0G,39627776361235789,221.3119529557211,-0.3994894215844505,filtered_by_name,desi,39627776361235789,1684
3C 277.3,2020yCat.1350....0G,39628433252155537,193.55003313547644,27.62608838484465,filtered_by_name,desi,39628433252155537,1685
RX J0859.1+0537,2020yCat.1350....0G,b'   1342167016521361408',134.78827,5.6151447,filtered_by_name,sdss,1342167016521361408,1686
SDSS J083253.18+064316.7,2020ApJS..249....3A,b'   1460339233007888384',128.22159,6.7213026,filtered_by_name,sdss,1460339233007888384,1687
Mrk 1220,2020yCat.1350....0G,b'   2568219256332249088',133.6635,17.689553,filtered_by_name,sdss,2568219256332249088,1688
3C 190,2020yCat.1350....0G,b'   2551333780849715200',120.38981,14.245227,filtered_by_name,sdss,2551333780849715200,1689
IC 2409,2020yCat.1350....0G,b'   2566067237148452864',132.10274,18.331132,filtered_by_name,sdss,2566067237148452864,1690
LEDA 1678924,2020yCat.1350....0G,b'   2168601748606838784',124.70674,22.954552,filtered_by_name,sdss,2168601748606838784,1691
SDSS J090036.44+381353.0,2020yCat.1350....0G,b'   1053973749826611200',135.15184,38.23141,filtered_by_name,sdss,1053973749826611200,1692
1H 1025+220,2020yCat.1350....0G,b'   2663899033562540032',157.00034,21.803765,filtered_by_name,sdss,2663899033562540032,1693
2MASX J11200680+3407396,2020yCat.1350....0G,b'   2364486898564491264',170.02849,34.127825,filtered_by_name,sdss,2364486898564491264,1694
3C 254,2020yCat.1350....0G,b'   1620201352409933824',168.66133,40.622318,filtered_by_name,sdss,1620201352409933824,1695
3C 220.2,2020yCat.1350....0G,b'   1435603245593552896',142.63974,36.023659,filtered_by_name,sdss,1435603245593552896,1696
4C 48.29,2020yCat.1350....0G,b'    983050576390547456',155.2163,48.519409,filtered_by_name,sdss,983050576390547456,1697
SDSS J113323.97+550415.8,2020yCat.1350....0G,b'   1141789819425286144',173.3499,55.071078,filtered_by_name,sdss,1141789819425286144,1698
2MASS J10261389+5237510,2020yCat.1350....0G,b'   1136128158118995968',156.55797,52.630923,filtered_by_name,sdss,1136128158118995968,1699
CRTS J080846.2+313106,2020yCat.1350....0G,b'    969496615704356864',122.19247,31.518329,filtered_by_name,sdss,969496615704356864,1700
SDSS J074853.07+302543.5,2020yCat.1350....0G,b'   1001064424959666176',117.22115,30.428768,filtered_by_name,sdss,1001064424959666176,1701
IC 2227,2020yCat.1350....0G,b'   1004411058695202816',121.77993,36.233472,filtered_by_name,sdss,1004411058695202816,1702
HS 0805+3822,2020yCat.1350....0G,b'    853588847592761344',122.28496,38.235064,filtered_by_name,sdss,853588847592761344,1703
PG 0825+428,2020yCat.1350....0G,b'    856949817862023168',127.23982,42.678343,filtered_by_name,sdss,856949817862023168,1704
3C 186,2020yCat.1350....0G,b'    487564443987765248',116.07282,37.888133,filtered_by_name,sdss,487564443987765248,1705
QSO J0849+5108,2020A&A...644A.159C,b'    503278114483234816',132.49159,51.141417,filtered_by_name,sdss,503278114483234816,1706
PG 0818+513,2020yCat.1350....0G,b'    497783580085217280',125.65021,51.090158,filtered_by_name,sdss,497783580085217280,1707
3C 205,2020yCat.1350....0G,b'   2008741572610385920',129.77724,57.904743,filtered_by_name,sdss,2008741572610385920,1708
4C 58.17,2020A&A...644A.159C,b'    543906444307621888',133.675,57.958337,filtered_by_name,sdss,543906444307621888,1709
SDSS J145646.48+160939.3,2020yCat.1350....0G,b'   3112128705841883136',224.19368,16.160934,filtered_by_name,sdss,3112128705841883136,1710
IC 1151,2020yCat.1350....0G,b'   2475938067446261760',239.63476,17.441471,filtered_by_name,sdss,2475938067446261760,1711
IC 1194,2020yCat.1350....0G,b'   2475862750899759104',241.66395,17.761197,filtered_by_name,sdss,2475862750899759104,1712
4C 18.47,2020yCat.1350....0G,b'   2477124445844563968',242.29691,17.937846,filtered_by_name,sdss,2477124445844563968,1713
MCG+04-37-035,2009ApJS..182..543A,b'   2442089876863084544',237.21735,21.854809,filtered_by_name,sdss,2442089876863084544,1714
IC 4434,2020yCat.1350....0G,b'   3092947720428611584',216.97808,16.207241,filtered_by_name,sdss,3092947720428611584,1715
4C 16.39,2020yCat.1350....0G,b'   3089604106222856192',210.68549,15.999065,filtered_by_name,sdss,3089604106222856192,1716
PG 1404+226,2020yCat.1350....0G,b'   3134508165412972544',211.59122,22.396265,filtered_by_name,sdss,3134508165412972544,1717
SDSS J152638.35+285158.7,2012ApJS..203...21A,b'   1858895163682744320',231.65982,28.866315,filtered_by_name,sdss,1858895163682744320,1718
LEDA 1915372,2009ApJS..182..543A,b'   1562754620583864320',234.07879,30.725799,filtered_by_name,sdss,1562754620583864320,1719
IRAS 15206+3342,2015ApJS..219...12A,b'   1561749117183485952',230.65876,33.526616,filtered_by_name,sdss,1561749117183485952,1720
IC 4612,2020yCat.1350....0G,b'    919946300621875200',248.45674,39.263192,filtered_by_name,sdss,919946300621875200,1721
IC 3976,2020yCat.1350....0G,b'   2523276726230870016',194.87252,27.850143,filtered_by_name,sdss,2523276726230870016,1722
IC 4042,2020yCat.1350....0G,b'   2523303939143657472',195.17815,27.971266,filtered_by_name,sdss,2523303939143657472,1723
IC 4051,2020yCat.1350....0G,b'   2523287446469240832',195.22692,28.007637,filtered_by_name,sdss,2523287446469240832,1724
IC 4041,2020yCat.1350....0G,b'   2522185455135385600',195.17021,27.996611,filtered_by_name,sdss,2522185455135385600,1725
IC 3973,2020yCat.1350....0G,b'   2522164564414457856',194.87844,27.884215,filtered_by_name,sdss,2522164564414457856,1726
IC 3998,2020yCat.1350....0G,b'   2523281399155288064',194.94492,27.97385,filtered_by_name,sdss,2523281399155288064,1727
IC 4026,2020yCat.1350....0G,b'   2523267655259940864',195.09223,28.047011,filtered_by_name,sdss,2523267655259940864,1728
IC 4045,2020yCat.1350....0G,b'   2523290195248310272',195.2027,28.090731,filtered_by_name,sdss,2523290195248310272,1729
SDSS J132755.56+333521.7,2020yCat.1350....0G,b'   2378069987333007360',201.98154,33.589384,filtered_by_name,sdss,2378069987333007360,1730
HS 1700+6416,2020yCat.1350....0G,b'    393088079818156032',255.25258,64.202512,filtered_by_name,sdss,393088079818156032,1731
SDSS J210014.12+004446.0,2020yCat.1350....0G,b'   1108032059227531264',315.05882,0.74610065,filtered_by_name,sdss,1108032059227531264,1732
SDSS J010657.39-100003.3,2020yCat.1350....0G,b'    742033771322173440',16.73917,-10.000939,filtered_by_name,sdss,742033771322173440,1733
SDSS J004828.80-001241.5,2020yCat.1350....0G,b'   1683226732313733120',12.120028,-0.211546,filtered_by_name,sdss,1683226732313733120,1734
CNSS J001947.3+003527,2020ApJ...903..116A,b'    439203799882557440',4.9472132,0.59079485,filtered_by_name,sdss,439203799882557440,1735
SDSS J222153.87+003054.2,2020yCat.1350....0G,b'   1165424648326768640',335.47449,0.51505578,filtered_by_name,sdss,1165424648326768640,1736
SN 2001fg,2001IAUC.7744....1V,b'   1110213215435909120',318.18845,-0.87672837,filtered_by_name,sdss,1110213215435909120,1737
SDSS J211824.06+001729.4,2020yCat.1350....0G,b'   1110296778319620096',319.60026,0.29149861,filtered_by_name,sdss,1110296778319620096,1738
IC 1461,2020yCat.1350....0G,b'    835506004652222464',344.6429,15.172787,filtered_by_name,sdss,835506004652222464,1739
3C 191,2020yCat.1350....0G,b'   2723678387930425344',121.19986,10.256599,filtered_by_name,sdss,2723678387930425344,1740
HE 0330-0002,2020yCat.1350....0G,b'    467383731636692992',53.334855,0.12240668,filtered_by_name,sdss,467383731636692992,1741
KUV 03292+0035,2020yCat.1350....0G,b'    912086446632888320',52.940388,0.754732,filtered_by_name,sdss,912086446632888320,1742
Mrk 1310,2020yCat.1350....0G,b'    372706169120122880',180.3098,-3.6780667,filtered_by_name,sdss,372706169120122880,1743
IC 4224,2015ApJS..219...12A,b'    384006938255452160',199.77102,-2.5152934,filtered_by_name,sdss,384006938255452160,1744
IC 4229,2015ApJS..219...12A,b'    383973403150804992',200.60886,-2.4182707,filtered_by_name,sdss,383973403150804992,1745
LBQS 1435-0134,2020yCat.1350....0G,b'   1034844991316322304',219.45119,-1.7863299,filtered_by_name,sdss,1034844991316322304,1746
2MASS J12545393-0122474,2018yCat.1345....0G,b'    379594328365885440',193.72459,-1.3798367,filtered_by_name,sdss,379594328365885440,1747
HE 1258+0123,2020yCat.1350....0G,b'    330054452419520512',195.2938,1.127755,filtered_by_name,sdss,330054452419520512,1748
SDSS J135646.10+102609.0,2009ApJS..182..543A,b'   1916314954420480000',209.19211,10.43586,filtered_by_name,sdss,1916314954420480000,1749
IC 2481,2020yCat.1350....0G,b'    639650273123395584',141.87004,3.9296011,filtered_by_name,sdss,639650273123395584,1750
SDSS J104600.10+090627.2,2020yCat.1350....0G,b'   2417346466101094400',161.50044,9.1075797,filtered_by_name,sdss,2417346466101094400,1751
SN 2004ck,2004IAUC.8359....1C,b'   1964710781958252544',153.64668,11.868247,filtered_by_name,sdss,1964710781958252544,1752
SDSS J102633.32+103443.8,2020yCat.1350....0G,b'   1799227134682621952',156.63884,10.578855,filtered_by_name,sdss,1799227134682621952,1753
SDSS J102700.40+174900.8,2009ApJS..182..543A,b'   2917338669482272768',156.75168,17.81693,filtered_by_name,sdss,2917338669482272768,1754
SDSS J120747.17+024424.8,2003yCat.2246....0C,b'    582226900114499584',181.94655,2.7402327,filtered_by_name,sdss,582226900114499584,1755
SN 2009np,2008yCat....1.2024B,b'   1830725676282439680',186.77757,6.4259296,filtered_by_name,sdss,1830725676282439680,1756
IC 3328,2020yCat.1350....0G,b'   1386115047314450432',186.49133,10.053755,filtered_by_name,sdss,1386115047314450432,1757
IC 3481,2020yCat.1350....0G,b'   1818331426324506624',188.21774,11.40438,filtered_by_name,sdss,1818331426324506624,1758
RMB 132,2020yCat.1350....0G,b'   1818361388016363520',187.70252,12.045229,filtered_by_name,sdss,1818361388016363520,1759
IC 3453,2009ApJS..182..543A,b'   1990640296190306304',187.90727,14.859793,filtered_by_name,sdss,1990640296190306304,1760
4C 18.36,2020yCat.1350....0G,b'   2931933317722826752',197.73656,17.993831,filtered_by_name,sdss,2931933317722826752,1761
IC 3292,2020yCat.1350....0G,b'   2924132278479120384',186.2015,18.195123,filtered_by_name,sdss,2924132278479120384,1762
IC 3900,2020yCat.1350....0G,b'   2522070831048189952',193.92208,27.250763,filtered_by_name,sdss,2522070831048189952,1763
3C 277.3,2020yCat.1350....0G,b'   2523227248207620096',193.55005,27.626096,filtered_by_name,sdss,2523227248207620096,1764
IC 3599,2020yCat.1350....0G,b'   2517570803256551424',189.42164,26.707643,filtered_by_name,sdss,2517570803256551424,1765
SDSS J123527.19+270402.7,2020yCat.1350....0G,b'   2516417692416632832',188.86332,27.067421,filtered_by_name,sdss,2516417692416632832,1766
Malin 2,2020yCat.1350....0G,b'   2790087515153917952',159.96868,20.847045,filtered_by_name,sdss,2790087515153917952,1767
SDSS J111323.88+293039.3,2020yCat.1350....0G,b'   2491763892020078592',168.34952,29.510939,filtered_by_name,sdss,2491763892020078592,1768
PG 1610+062,2020yCat.1350....0G,b'   1948995750948005888',243.22172,6.0941077,filtered_by_name,sdss,1948995750948005888,1769
SDSS J164248.52+134751.4,2020yCat.1350....0G,b'   2488401581150595072',250.70218,13.797637,filtered_by_name,sdss,2488401581150595072,1770
SDSS J165837.70+184727.4,2020yCat.1350....0G,b'   1764421271803684864',254.6571,18.790948,filtered_by_name,sdss,1764421271803684864,1771
